country2,year,human_aid,country_name
AE,2000,0,UAE
AE,2001,0,UAE
AE,2002,0,UAE
AE,2003,0,UAE
AE,2004,0,UAE
AE,2005,0,UAE
AE,2006,0,UAE
AE,2007,0,UAE
AE,2008,0,UAE
AE,2009,0,UAE
AE,2010,0,UAE
AE,2011,0,UAE
AE,2012,0,UAE
AE,2013,0,UAE
AE,2014,0.652336618,UAE
AE,2015,0,UAE
AE,2016,0.7,UAE
AF,2000,143.7733646,Afghanistan
AF,2001,547.7198124,Afghanistan
AF,2002,1033.620626,Afghanistan
AF,2003,592.3663339,Afghanistan
AF,2004,415.1229723,Afghanistan
AF,2005,305.8265187,Afghanistan
AF,2006,313.5328915,Afghanistan
AF,2007,301.3448466,Afghanistan
AF,2008,800.3095543,Afghanistan
AF,2009,603.5611606,Afghanistan
AF,2010,550.9106687,Afghanistan
AF,2011,700.0433183,Afghanistan
AF,2012,457.8747572,Afghanistan
AF,2013,482.1631661,Afghanistan
AF,2014,502.3512859,Afghanistan
AF,2015,410.5853263,Afghanistan
AF,2016,449.5957166,Afghanistan
AG,2000,0,Antigua & Barbuda
AG,2001,0,Antigua & Barbuda
AG,2002,0.026204,Antigua & Barbuda
AG,2003,0,Antigua & Barbuda
AG,2004,0,Antigua & Barbuda
AG,2005,0.065596,Antigua & Barbuda
AG,2006,0.009974,Antigua & Barbuda
AG,2007,0,Antigua & Barbuda
AG,2008,0,Antigua & Barbuda
AG,2009,0.095556,Antigua & Barbuda
AG,2010,0,Antigua & Barbuda
AG,2011,0,Antigua & Barbuda
AG,2012,0,Antigua & Barbuda
AG,2013,0.223751,Antigua & Barbuda
AG,2014,0.076625,Antigua & Barbuda
AG,2015,0.110784,Antigua & Barbuda
AG,2016,0.00972,Antigua & Barbuda
AI,2000,0.145396,Anguilla
AI,2001,0.012618,Anguilla
AI,2002,0,Anguilla
AI,2003,0,Anguilla
AI,2004,0,Anguilla
AI,2005,0.065596,Anguilla
AI,2006,0.009974,Anguilla
AI,2007,0,Anguilla
AI,2008,0,Anguilla
AI,2009,0.11474,Anguilla
AI,2010,0,Anguilla
AI,2011,0,Anguilla
AI,2012,0,Anguilla
AI,2013,0,Anguilla
AI,2014,0,Anguilla
AI,2015,0,Anguilla
AI,2016,0,Anguilla
AL,2000,40.467957,Albania
AL,2001,26.68201,Albania
AL,2002,26.69222904,Albania
AL,2003,7.525785,Albania
AL,2004,4.288408,Albania
AL,2005,2.705134,Albania
AL,2006,2.734254,Albania
AL,2007,1.354868,Albania
AL,2008,4.251688168,Albania
AL,2009,1.174142,Albania
AL,2010,1.961102828,Albania
AL,2011,1.756779175,Albania
AL,2012,4.676825246,Albania
AL,2013,4.250504068,Albania
AL,2014,4.080107519,Albania
AL,2015,7.099775077,Albania
AL,2016,5.03799283,Albania
AM,2000,7.975807381,Armenia
AM,2001,22.577928,Armenia
AM,2002,27.920339,Armenia
AM,2003,17.247097,Armenia
AM,2004,12.702082,Armenia
AM,2005,10.742435,Armenia
AM,2006,12.13638007,Armenia
AM,2007,8.823425906,Armenia
AM,2008,3.551473429,Armenia
AM,2009,2.624317658,Armenia
AM,2010,6.721299073,Armenia
AM,2011,5.099974109,Armenia
AM,2012,6.224855036,Armenia
AM,2013,3.371586265,Armenia
AM,2014,8.457581932,Armenia
AM,2015,11.34601241,Armenia
AM,2016,5.268211501,Armenia
AO,2000,98.21743484,Angola
AO,2001,112.0741068,Angola
AO,2002,231.9033805,Angola
AO,2003,292.2434237,Angola
AO,2004,205.6554346,Angola
AO,2005,107.048374,Angola
AO,2006,51.85555796,Angola
AO,2007,18.34768365,Angola
AO,2008,8.372027841,Angola
AO,2009,4.209045511,Angola
AO,2010,1.503419,Angola
AO,2011,7.977386949,Angola
AO,2012,11.59010095,Angola
AO,2013,10.82673438,Angola
AO,2014,12.58640238,Angola
AO,2015,7.370082877,Angola
AO,2016,15.89297534,Angola
AR,2000,1.328042,Argentina
AR,2001,1.307905,Argentina
AR,2002,12.056809,Argentina
AR,2003,39.943411,Argentina
AR,2004,0.936431,Argentina
AR,2005,1.438639,Argentina
AR,2006,0.50146,Argentina
AR,2007,0.94721,Argentina
AR,2008,0.713921,Argentina
AR,2009,3.113941,Argentina
AR,2010,1.468692,Argentina
AR,2011,3.870292,Argentina
AR,2012,0.557616911,Argentina
AR,2013,1.622948,Argentina
AR,2014,0.429568,Argentina
AR,2015,1.438508,Argentina
AR,2016,2.710612,Argentina
AT,2000,0,Austria
AT,2001,0,Austria
AT,2002,1.170950415,Austria
AT,2003,2.67712318,Austria
AT,2004,0,Austria
AT,2005,0,Austria
AT,2006,0,Austria
AT,2007,0,Austria
AT,2008,0,Austria
AT,2009,0,Austria
AT,2010,0,Austria
AT,2011,0,Austria
AT,2012,0,Austria
AT,2013,0,Austria
AT,2014,0,Austria
AT,2015,3.747202711,Austria
AT,2016,0,Austria
AU,2000,0,Australia
AU,2001,0.033257085,Australia
AU,2002,0.032754251,Australia
AU,2003,0.032113896,Australia
AU,2004,0,Australia
AU,2005,0,Australia
AU,2006,0,Australia
AU,2007,0,Australia
AU,2008,0,Australia
AU,2009,0,Australia
AU,2010,1.008457532,Australia
AU,2011,0.027923302,Australia
AU,2012,0,Australia
AU,2013,0,Australia
AU,2014,0,Australia
AU,2015,0,Australia
AU,2016,0,Australia
AW,2000,0,Aruba
AW,2001,0,Aruba
AW,2002,0,Aruba
AW,2003,0,Aruba
AW,2004,0,Aruba
AW,2005,0,Aruba
AW,2006,0,Aruba
AW,2007,0,Aruba
AW,2008,0,Aruba
AW,2009,0,Aruba
AW,2010,0,Aruba
AW,2011,0,Aruba
AW,2012,0,Aruba
AW,2013,0,Aruba
AW,2014,0,Aruba
AW,2015,0,Aruba
AW,2016,0,Aruba
AZ,2000,12.77764878,Azerbaijan
AZ,2001,20.8560992,Azerbaijan
AZ,2002,18.22468631,Azerbaijan
AZ,2003,16.26216668,Azerbaijan
AZ,2004,23.83550614,Azerbaijan
AZ,2005,12.78067146,Azerbaijan
AZ,2006,5.328367837,Azerbaijan
AZ,2007,7.286491804,Azerbaijan
AZ,2008,4.713890607,Azerbaijan
AZ,2009,2.971591,Azerbaijan
AZ,2010,2.830432,Azerbaijan
AZ,2011,1.202280672,Azerbaijan
AZ,2012,1.545794967,Azerbaijan
AZ,2013,2.259407163,Azerbaijan
AZ,2014,1.609670576,Azerbaijan
AZ,2015,1.22309032,Azerbaijan
AZ,2016,0.719726405,Azerbaijan
BA,2000,105.764186,Bosnia & Herzegovina
BA,2001,148.435665,Bosnia & Herzegovina
BA,2002,70.03513774,Bosnia & Herzegovina
BA,2003,38.849873,Bosnia & Herzegovina
BA,2004,41.97940228,Bosnia & Herzegovina
BA,2005,27.81721799,Bosnia & Herzegovina
BA,2006,20.447876,Bosnia & Herzegovina
BA,2007,8.62326972,Bosnia & Herzegovina
BA,2008,6.628965,Bosnia & Herzegovina
BA,2009,5.970006648,Bosnia & Herzegovina
BA,2010,3.766827989,Bosnia & Herzegovina
BA,2011,4.596047934,Bosnia & Herzegovina
BA,2012,1.694131069,Bosnia & Herzegovina
BA,2013,2.520883135,Bosnia & Herzegovina
BA,2014,72.67243108,Bosnia & Herzegovina
BA,2015,26.61981603,Bosnia & Herzegovina
BA,2016,54.21778678,Bosnia & Herzegovina
BB,2000,0,Barbados
BB,2001,0.199549,Barbados
BB,2002,0.235839,Barbados
BB,2003,0.423918,Barbados
BB,2004,0.487586,Barbados
BB,2005,0.550096,Barbados
BB,2006,0.47826016,Barbados
BB,2007,0.183149,Barbados
BB,2008,0.113522955,Barbados
BB,2009,0.149777512,Barbados
BB,2010,2.10265,Barbados
BB,2011,0,Barbados
BB,2012,0,Barbados
BB,2013,0,Barbados
BB,2014,0,Barbados
BB,2015,1.381352856,Barbados
BB,2016,0,Barbados
BD,2000,19.5503799,Bangladesh
BD,2001,22.69913479,Bangladesh
BD,2002,30.59194175,Bangladesh
BD,2003,8.688374003,Bangladesh
BD,2004,82.80279593,Bangladesh
BD,2005,15.77013905,Bangladesh
BD,2006,7.284881,Bangladesh
BD,2007,254.3650426,Bangladesh
BD,2008,128.0732279,Bangladesh
BD,2009,102.3149543,Bangladesh
BD,2010,92.30512558,Bangladesh
BD,2011,88.09857214,Bangladesh
BD,2012,93.77192624,Bangladesh
BD,2013,95.92594806,Bangladesh
BD,2014,124.1837537,Bangladesh
BD,2015,116.6797268,Bangladesh
BD,2016,142.571097,Bangladesh
BE,2000,0,Belgium
BE,2001,0,Belgium
BE,2002,0,Belgium
BE,2003,0,Belgium
BE,2004,0,Belgium
BE,2005,0,Belgium
BE,2006,0,Belgium
BE,2007,0,Belgium
BE,2008,0,Belgium
BE,2009,0,Belgium
BE,2010,0,Belgium
BE,2011,0,Belgium
BE,2012,0,Belgium
BE,2013,0,Belgium
BE,2014,0,Belgium
BE,2015,0,Belgium
BE,2016,0.865263,Belgium
BF,2000,1.406513,Burkina Faso
BF,2001,2.99031583,Burkina Faso
BF,2002,2.533763,Burkina Faso
BF,2003,2.849267973,Burkina Faso
BF,2004,1.39189134,Burkina Faso
BF,2005,2.394809,Burkina Faso
BF,2006,2.78996934,Burkina Faso
BF,2007,10.48692919,Burkina Faso
BF,2008,22.32254473,Burkina Faso
BF,2009,25.40017889,Burkina Faso
BF,2010,42.07553099,Burkina Faso
BF,2011,27.09701964,Burkina Faso
BF,2012,86.02427659,Burkina Faso
BF,2013,61.60972792,Burkina Faso
BF,2014,47.0224278,Burkina Faso
BF,2015,51.71629507,Burkina Faso
BF,2016,42.83070342,Burkina Faso
BG,2000,0,Bulgaria
BG,2001,0.434102482,Bulgaria
BG,2002,0.030285986,Bulgaria
BG,2003,0.34599032,Bulgaria
BG,2004,0,Bulgaria
BG,2005,3.355963179,Bulgaria
BG,2006,0.634999203,Bulgaria
BG,2007,0.198829113,Bulgaria
BG,2008,0,Bulgaria
BG,2009,0,Bulgaria
BG,2010,0.021249661,Bulgaria
BG,2011,0.513252858,Bulgaria
BG,2012,0.060610109,Bulgaria
BG,2013,1.201693851,Bulgaria
BG,2014,0,Bulgaria
BG,2015,0,Bulgaria
BG,2016,0.028351,Bulgaria
BH,2000,0,Bahrain
BH,2001,0,Bahrain
BH,2002,0,Bahrain
BH,2003,0,Bahrain
BH,2004,0,Bahrain
BH,2005,0,Bahrain
BH,2006,0,Bahrain
BH,2007,0,Bahrain
BH,2008,0,Bahrain
BH,2009,0,Bahrain
BH,2010,0,Bahrain
BH,2011,0,Bahrain
BH,2012,0,Bahrain
BH,2013,0,Bahrain
BH,2014,0,Bahrain
BH,2015,0,Bahrain
BH,2016,0,Bahrain
BI,2000,48.553264,Burundi
BI,2001,62.19510548,Burundi
BI,2002,91.17999075,Burundi
BI,2003,136.3758568,Burundi
BI,2004,151.2411656,Burundi
BI,2005,160.7181691,Burundi
BI,2006,137.1205063,Burundi
BI,2007,90.43039461,Burundi
BI,2008,74.61025327,Burundi
BI,2009,79.1437875,Burundi
BI,2010,60.029074,Burundi
BI,2011,44.54040716,Burundi
BI,2012,34.62252503,Burundi
BI,2013,46.54840221,Burundi
BI,2014,35.23186824,Burundi
BI,2015,36.54634129,Burundi
BI,2016,417.6656777,Burundi
BJ,2000,1.587989,Benin
BJ,2001,1.320018,Benin
BJ,2002,4.316156,Benin
BJ,2003,1.360425,Benin
BJ,2004,1.390777913,Benin
BJ,2005,3.905988013,Benin
BJ,2006,2.08068,Benin
BJ,2007,1.556343908,Benin
BJ,2008,1.235343,Benin
BJ,2009,2.636077,Benin
BJ,2010,12.4893415,Benin
BJ,2011,7.945574011,Benin
BJ,2012,4.61281122,Benin
BJ,2013,9.776952779,Benin
BJ,2014,8.013700722,Benin
BJ,2015,2.237335419,Benin
BJ,2016,28.94633268,Benin
BM,2000,0,Bermuda
BM,2001,0,Bermuda
BM,2002,0,Bermuda
BM,2003,0,Bermuda
BM,2004,0,Bermuda
BM,2005,0,Bermuda
BM,2006,0,Bermuda
BM,2007,0,Bermuda
BM,2008,0,Bermuda
BM,2009,0,Bermuda
BM,2010,0,Bermuda
BM,2011,0,Bermuda
BM,2012,0,Bermuda
BM,2013,0,Bermuda
BM,2014,0,Bermuda
BM,2015,0,Bermuda
BM,2016,0,Bermuda
BN,2000,0,Brunei
BN,2001,0,Brunei
BN,2002,0,Brunei
BN,2003,0,Brunei
BN,2004,0,Brunei
BN,2005,0,Brunei
BN,2006,0,Brunei
BN,2007,0,Brunei
BN,2008,0,Brunei
BN,2009,0,Brunei
BN,2010,0,Brunei
BN,2011,0,Brunei
BN,2012,0,Brunei
BN,2013,0,Brunei
BN,2014,0,Brunei
BN,2015,0,Brunei
BN,2016,0,Brunei
BO,2000,0.131813,Bolivia
BO,2001,8.143727,Bolivia
BO,2002,13.63008778,Bolivia
BO,2003,3.789667,Bolivia
BO,2004,3.194652967,Bolivia
BO,2005,5.228423,Bolivia
BO,2006,4.924910449,Bolivia
BO,2007,11.85665629,Bolivia
BO,2008,22.19674464,Bolivia
BO,2009,12.03598762,Bolivia
BO,2010,12.90084597,Bolivia
BO,2011,12.70668669,Bolivia
BO,2012,4.593284,Bolivia
BO,2013,9.734248457,Bolivia
BO,2014,8.529860395,Bolivia
BO,2015,227.4923854,Bolivia
BO,2016,103.3037839,Bolivia
BR,2000,2.43949,Brazil
BR,2001,6.080913171,Brazil
BR,2002,3.33429,Brazil
BR,2003,5.928388,Brazil
BR,2004,2.850517,Brazil
BR,2005,3.505187,Brazil
BR,2006,4.161165,Brazil
BR,2007,2.876475,Brazil
BR,2008,6.081034,Brazil
BR,2009,3.488229894,Brazil
BR,2010,2.488012257,Brazil
BR,2011,6.265113,Brazil
BR,2012,1.797151,Brazil
BR,2013,1.952454,Brazil
BR,2014,2.340853,Brazil
BR,2015,4.297407,Brazil
BR,2016,3.286086183,Brazil
BS,2000,0,Bahamas
BS,2001,0,Bahamas
BS,2002,0,Bahamas
BS,2003,0,Bahamas
BS,2004,0.002948793,Bahamas
BS,2005,0.071461265,Bahamas
BS,2006,0,Bahamas
BS,2007,0,Bahamas
BS,2008,0,Bahamas
BS,2009,0,Bahamas
BS,2010,0,Bahamas
BS,2011,0,Bahamas
BS,2012,0.030539935,Bahamas
BS,2013,0,Bahamas
BS,2014,0,Bahamas
BS,2015,0.050891091,Bahamas
BS,2016,0.757114,Bahamas
BT,2000,0.127523,Bhutan
BT,2001,0.033809,Bhutan
BT,2002,0.998491,Bhutan
BT,2003,1.26578,Bhutan
BT,2004,0.417998,Bhutan
BT,2005,0.06015,Bhutan
BT,2006,0.241816,Bhutan
BT,2007,0.042585,Bhutan
BT,2008,0.48191,Bhutan
BT,2009,1.298127224,Bhutan
BT,2010,1.609395,Bhutan
BT,2011,5.471017033,Bhutan
BT,2012,4.94340985,Bhutan
BT,2013,2.801530354,Bhutan
BT,2014,2.512242594,Bhutan
BT,2015,5.947061826,Bhutan
BT,2016,3.083284161,Bhutan
BW,2000,1.392342,Botswana
BW,2001,2.226302,Botswana
BW,2002,2.0577,Botswana
BW,2003,1.73942,Botswana
BW,2004,2.362301,Botswana
BW,2005,0.70661,Botswana
BW,2006,0.307529,Botswana
BW,2007,0.85269,Botswana
BW,2008,0.976896,Botswana
BW,2009,1.1639,Botswana
BW,2010,0.81624,Botswana
BW,2011,2.624304883,Botswana
BW,2012,0.098993475,Botswana
BW,2013,0.36811165,Botswana
BW,2014,0.088722065,Botswana
BW,2015,0.373706839,Botswana
BW,2016,2.257551438,Botswana
BY,2000,0,Belarus
BY,2001,0,Belarus
BY,2002,0,Belarus
BY,2003,0,Belarus
BY,2004,0,Belarus
BY,2005,6.374337,Belarus
BY,2006,4.213677,Belarus
BY,2007,3.991582,Belarus
BY,2008,2.574318,Belarus
BY,2009,1.914041,Belarus
BY,2010,1.091212,Belarus
BY,2011,0.142968248,Belarus
BY,2012,0.113530967,Belarus
BY,2013,0.008277203,Belarus
BY,2014,0.083008205,Belarus
BY,2015,0.280358565,Belarus
BY,2016,0.270800571,Belarus
BZ,2000,0.945982,Belize
BZ,2001,1.862449,Belize
BZ,2002,1.089557,Belize
BZ,2003,0.032686,Belize
BZ,2004,0,Belize
BZ,2005,0.054663,Belize
BZ,2006,0.618668,Belize
BZ,2007,0.549655466,Belize
BZ,2008,0.44446978,Belize
BZ,2009,0.818666,Belize
BZ,2010,0.732727,Belize
BZ,2011,0.497631,Belize
BZ,2012,0.254544,Belize
BZ,2013,3.336896,Belize
BZ,2014,0.858425,Belize
BZ,2015,0.15107,Belize
BZ,2016,1.557669,Belize
CA,2000,0,Canada
CA,2001,0,Canada
CA,2002,0,Canada
CA,2003,0,Canada
CA,2004,0,Canada
CA,2005,0,Canada
CA,2006,0,Canada
CA,2007,0,Canada
CA,2008,0,Canada
CA,2009,0,Canada
CA,2010,0,Canada
CA,2011,0,Canada
CA,2012,0,Canada
CA,2013,0,Canada
CA,2014,0,Canada
CA,2015,0,Canada
CA,2016,0.05,Canada
CD,2000,97.60989454,DRC
CD,2001,183.237111,DRC
CD,2002,257.5620975,DRC
CD,2003,256.0123384,DRC
CD,2004,282.5526855,DRC
CD,2005,302.6850477,DRC
CD,2006,377.8692784,DRC
CD,2007,353.9440577,DRC
CD,2008,476.5072732,DRC
CD,2009,532.3200975,DRC
CD,2010,472.4710797,DRC
CD,2011,406.4188982,DRC
CD,2012,437.0702487,DRC
CD,2013,446.5374572,DRC
CD,2014,474.6957745,DRC
CD,2015,864.2628717,DRC
CD,2016,387.1533071,DRC
CF,2000,2.838364,CAR
CF,2001,5.127221,CAR
CF,2002,3.777986,CAR
CF,2003,4.691366,CAR
CF,2004,6.093214128,CAR
CF,2005,5.432762165,CAR
CF,2006,8.410587993,CAR
CF,2007,51.16401884,CAR
CF,2008,59.28526011,CAR
CF,2009,40.9293097,CAR
CF,2010,51.57962096,CAR
CF,2011,58.90123652,CAR
CF,2012,67.80841164,CAR
CF,2013,116.4164192,CAR
CF,2014,338.7881158,CAR
CF,2015,248.5986395,CAR
CF,2016,270.0590999,CAR
CG,2000,0.128383991,Congo
CG,2001,0.242978876,Congo
CG,2002,0.283218546,Congo
CG,2003,0.763907428,Congo
CG,2004,0,Congo
CG,2005,0.035061142,Congo
CG,2006,0.175841491,Congo
CG,2007,0.154256441,Congo
CG,2008,0,Congo
CG,2009,0,Congo
CG,2010,3.450140267,Congo
CG,2011,0,Congo
CG,2012,0.01083551,Congo
CG,2013,0,Congo
CG,2014,0,Congo
CG,2015,0.109171308,Congo
CG,2016,10.243457,Congo
CH,2000,0,Switzerland
CH,2001,0,Switzerland
CH,2002,0,Switzerland
CH,2003,0,Switzerland
CH,2004,0,Switzerland
CH,2005,0,Switzerland
CH,2006,0,Switzerland
CH,2007,0,Switzerland
CH,2008,0,Switzerland
CH,2009,0.331712461,Switzerland
CH,2010,0.668482464,Switzerland
CH,2011,0,Switzerland
CH,2012,0,Switzerland
CH,2013,0,Switzerland
CH,2014,0,Switzerland
CH,2015,0,Switzerland
CH,2016,0.142794,Switzerland
CI,2000,10.951449,Côte d'Ivoire
CI,2001,12.280935,Côte d'Ivoire
CI,2002,13.928127,Côte d'Ivoire
CI,2003,42.0722134,Côte d'Ivoire
CI,2004,57.18317,Côte d'Ivoire
CI,2005,47.03597031,Côte d'Ivoire
CI,2006,56.84306405,Côte d'Ivoire
CI,2007,46.46192943,Côte d'Ivoire
CI,2008,79.63765176,Côte d'Ivoire
CI,2009,28.12317003,Côte d'Ivoire
CI,2010,15.997655,Côte d'Ivoire
CI,2011,205.6268263,Côte d'Ivoire
CI,2012,101.6619982,Côte d'Ivoire
CI,2013,47.90383643,Côte d'Ivoire
CI,2014,58.97893495,Côte d'Ivoire
CI,2015,41.91470315,Côte d'Ivoire
CI,2016,11.38765449,Côte d'Ivoire
CK,2000,0,Cook Islands
CK,2001,0,Cook Islands
CK,2002,0,Cook Islands
CK,2003,0.096724,Cook Islands
CK,2004,0,Cook Islands
CK,2005,1.618748,Cook Islands
CK,2006,0.132879,Cook Islands
CK,2007,0.123678,Cook Islands
CK,2008,0.378104,Cook Islands
CK,2009,0.085323,Cook Islands
CK,2010,3.471470327,Cook Islands
CK,2011,6.189548372,Cook Islands
CK,2012,0.885011451,Cook Islands
CK,2013,0.30999423,Cook Islands
CK,2014,1.084699039,Cook Islands
CK,2015,1.461801746,Cook Islands
CK,2016,1.259923213,Cook Islands
CL,2000,0.409724,Chile
CL,2001,1.019709,Chile
CL,2002,1.249619,Chile
CL,2003,1.474864,Chile
CL,2004,2.293541,Chile
CL,2005,2.026032,Chile
CL,2006,1.715279,Chile
CL,2007,0.73562,Chile
CL,2008,0.704026,Chile
CL,2009,1.23425,Chile
CL,2010,66.2254341,Chile
CL,2011,6.017853,Chile
CL,2012,3.350490911,Chile
CL,2013,2.452702,Chile
CL,2014,1.701588908,Chile
CL,2015,4.422415995,Chile
CL,2016,1.846086,Chile
CM,2000,1.589513,Cameroon
CM,2001,30.484054,Cameroon
CM,2002,3.352244,Cameroon
CM,2003,5.51322,Cameroon
CM,2004,4.521632,Cameroon
CM,2005,3.283218,Cameroon
CM,2006,1.974513073,Cameroon
CM,2007,1.94364,Cameroon
CM,2008,19.44468296,Cameroon
CM,2009,27.13856506,Cameroon
CM,2010,16.95191287,Cameroon
CM,2011,17.48447739,Cameroon
CM,2012,41.41236363,Cameroon
CM,2013,27.66885766,Cameroon
CM,2014,62.82622856,Cameroon
CM,2015,116.9520475,Cameroon
CM,2016,80.6999779,Cameroon
CN,2000,4.686968,China
CN,2001,9.620268645,China
CN,2002,17.96122106,China
CN,2003,36.09122282,China
CN,2004,12.67772915,China
CN,2005,10.54831131,China
CN,2006,2.05333,China
CN,2007,5.698263678,China
CN,2008,272.8401695,China
CN,2009,18.12881978,China
CN,2010,25.70881119,China
CN,2011,17.23394735,China
CN,2012,9.976641069,China
CN,2013,7.265522659,China
CN,2014,3.011328711,China
CN,2015,3.10868415,China
CN,2016,2.931172065,China
CO,2000,26.564846,Colombia
CO,2001,41.959491,Colombia
CO,2002,48.743026,Colombia
CO,2003,51.20011818,Colombia
CO,2004,41.08301686,Colombia
CO,2005,88.94847547,Colombia
CO,2006,96.80514377,Colombia
CO,2007,104.1699804,Colombia
CO,2008,76.51553152,Colombia
CO,2009,83.82806818,Colombia
CO,2010,71.73470352,Colombia
CO,2011,84.83126422,Colombia
CO,2012,72.04935646,Colombia
CO,2013,67.11404608,Colombia
CO,2014,61.99730194,Colombia
CO,2015,68.44309164,Colombia
CO,2016,68.11835296,Colombia
CR,2000,0.664021,Costa Rica
CR,2001,2.056449,Costa Rica
CR,2002,2.656288,Costa Rica
CR,2003,2.346184,Costa Rica
CR,2004,2.273839,Costa Rica
CR,2005,2.029697,Costa Rica
CR,2006,1.284397,Costa Rica
CR,2007,2.484739,Costa Rica
CR,2008,4.611726,Costa Rica
CR,2009,2.336899981,Costa Rica
CR,2010,1.611838,Costa Rica
CR,2011,1.187927,Costa Rica
CR,2012,0.68545,Costa Rica
CR,2013,0.278429,Costa Rica
CR,2014,2.492116,Costa Rica
CR,2015,1.719221,Costa Rica
CR,2016,2.969161,Costa Rica
CU,2000,11.352728,Cuba
CU,2001,12.98874704,Cuba
CU,2002,10.092723,Cuba
CU,2003,5.478382,Cuba
CU,2004,8.172814393,Cuba
CU,2005,9.479447,Cuba
CU,2006,5.960966019,Cuba
CU,2007,2.259475,Cuba
CU,2008,18.54589622,Cuba
CU,2009,13.5340914,Cuba
CU,2010,6.781593172,Cuba
CU,2011,1.337916,Cuba
CU,2012,11.83232993,Cuba
CU,2013,6.173379,Cuba
CU,2014,5.626296,Cuba
CU,2015,5.188284,Cuba
CU,2016,11.47659628,Cuba
CV,2000,2.877623,Cape Verde
CV,2001,0,Cape Verde
CV,2002,0.544635,Cape Verde
CV,2003,0.2538,Cape Verde
CV,2004,4.882604,Cape Verde
CV,2005,0.345453,Cape Verde
CV,2006,0.538969,Cape Verde
CV,2007,0.841231,Cape Verde
CV,2008,1.470396,Cape Verde
CV,2009,1.573383624,Cape Verde
CV,2010,3.682851,Cape Verde
CV,2011,1.229261664,Cape Verde
CV,2012,2.026374043,Cape Verde
CV,2013,0.035881705,Cape Verde
CV,2014,1.897584231,Cape Verde
CV,2015,1.526286819,Cape Verde
CV,2016,0.108630281,Cape Verde
CY,2000,0,Cyprus
CY,2001,0,Cyprus
CY,2002,0,Cyprus
CY,2003,0,Cyprus
CY,2004,0,Cyprus
CY,2005,0,Cyprus
CY,2006,0.056832914,Cyprus
CY,2007,0.058222446,Cyprus
CY,2008,0,Cyprus
CY,2009,0.063525332,Cyprus
CY,2010,0,Cyprus
CY,2011,0.053922473,Cyprus
CY,2012,0,Cyprus
CY,2013,0.010266734,Cyprus
CY,2014,0,Cyprus
CY,2015,0,Cyprus
CY,2016,0,Cyprus
CZ,2000,0,Czech Republic
CZ,2001,0,Czech Republic
CZ,2002,13.00566501,Czech Republic
CZ,2003,4.234989853,Czech Republic
CZ,2004,0,Czech Republic
CZ,2005,0,Czech Republic
CZ,2006,0.03554692,Czech Republic
CZ,2007,0,Czech Republic
CZ,2008,0,Czech Republic
CZ,2009,0,Czech Republic
CZ,2010,0,Czech Republic
CZ,2011,0,Czech Republic
CZ,2012,0,Czech Republic
CZ,2013,0,Czech Republic
CZ,2014,0,Czech Republic
CZ,2015,0,Czech Republic
CZ,2016,0,Czech Republic
DE,2000,0,Germany
DE,2001,0,Germany
DE,2002,9.69978056,Germany
DE,2003,1.878002308,Germany
DE,2004,0,Germany
DE,2005,0,Germany
DE,2006,0,Germany
DE,2007,0,Germany
DE,2008,0,Germany
DE,2009,0,Germany
DE,2010,0,Germany
DE,2011,0,Germany
DE,2012,0,Germany
DE,2013,0,Germany
DE,2014,0,Germany
DE,2015,0,Germany
DE,2016,0,Germany
DJ,2000,5.316824526,Djibouti
DJ,2001,3.768478,Djibouti
DJ,2002,5.783288608,Djibouti
DJ,2003,11.00414106,Djibouti
DJ,2004,5.291463166,Djibouti
DJ,2005,5.525664795,Djibouti
DJ,2006,14.39557493,Djibouti
DJ,2007,10.82949241,Djibouti
DJ,2008,16.81406908,Djibouti
DJ,2009,11.32467414,Djibouti
DJ,2010,17.13857027,Djibouti
DJ,2011,44.18558033,Djibouti
DJ,2012,19.87784126,Djibouti
DJ,2013,24.56246068,Djibouti
DJ,2014,32.37659844,Djibouti
DJ,2015,26.12016573,Djibouti
DJ,2016,18.22391909,Djibouti
DK,2000,0,Denmark
DK,2001,0,Denmark
DK,2002,0,Denmark
DK,2003,0,Denmark
DK,2004,0,Denmark
DK,2005,0,Denmark
DK,2006,0,Denmark
DK,2007,0,Denmark
DK,2008,0,Denmark
DK,2009,0,Denmark
DK,2010,0,Denmark
DK,2011,0,Denmark
DK,2012,0,Denmark
DK,2013,0,Denmark
DK,2014,0,Denmark
DK,2015,0,Denmark
DK,2016,10,Denmark
DM,2000,0.072698,Dominica
DM,2001,0.128738,Dominica
DM,2002,0.039306,Dominica
DM,2003,0,Dominica
DM,2004,0.149742,Dominica
DM,2005,0.065596,Dominica
DM,2006,0.045228,Dominica
DM,2007,2.270257,Dominica
DM,2008,1.074386,Dominica
DM,2009,0.621721,Dominica
DM,2010,0.01623,Dominica
DM,2011,0.794257,Dominica
DM,2012,0.080685,Dominica
DM,2013,0.430661417,Dominica
DM,2014,0.094487,Dominica
DM,2015,1.917969186,Dominica
DM,2016,2.546925,Dominica
DO,2000,0.308541,Dominican Republic
DO,2001,19.814821,Dominican Republic
DO,2002,0.488549,Dominican Republic
DO,2003,0.833597,Dominican Republic
DO,2004,5.252387,Dominican Republic
DO,2005,0.603668,Dominican Republic
DO,2006,5.571167,Dominican Republic
DO,2007,8.333275645,Dominican Republic
DO,2008,20.44836415,Dominican Republic
DO,2009,5.639081,Dominican Republic
DO,2010,6.444457265,Dominican Republic
DO,2011,9.58354,Dominican Republic
DO,2012,3.138767446,Dominican Republic
DO,2013,7.079344,Dominican Republic
DO,2014,2.811701,Dominican Republic
DO,2015,7.339286,Dominican Republic
DO,2016,6.820258,Dominican Republic
DZ,2000,33.91767997,Algeria
DZ,2001,39.80202669,Algeria
DZ,2002,36.921774,Algeria
DZ,2003,37.49615514,Algeria
DZ,2004,22.56892,Algeria
DZ,2005,18.72657784,Algeria
DZ,2006,15.30517783,Algeria
DZ,2007,19.697508,Algeria
DZ,2008,32.07320293,Algeria
DZ,2009,29.16628947,Algeria
DZ,2010,24.20543063,Algeria
DZ,2011,27.97708891,Algeria
DZ,2012,29.48278721,Algeria
DZ,2013,31.65070879,Algeria
DZ,2014,18.04693161,Algeria
DZ,2015,30.09571509,Algeria
DZ,2016,25.5364063,Algeria
EC,2000,2.388716,Ecuador
EC,2001,4.08858,Ecuador
EC,2002,7.872339,Ecuador
EC,2003,5.398448175,Ecuador
EC,2004,3.090426,Ecuador
EC,2005,1.803794,Ecuador
EC,2006,3.448948277,Ecuador
EC,2007,2.71107,Ecuador
EC,2008,13.56301098,Ecuador
EC,2009,11.91254626,Ecuador
EC,2010,8.143391172,Ecuador
EC,2011,10.386034,Ecuador
EC,2012,9.045092691,Ecuador
EC,2013,12.527288,Ecuador
EC,2014,17.765126,Ecuador
EC,2015,22.328121,Ecuador
EC,2016,68.31649083,Ecuador
EG,2000,3.778447,Egypt
EG,2001,7.123567392,Egypt
EG,2002,4.011262,Egypt
EG,2003,5.703289212,Egypt
EG,2004,3.126348,Egypt
EG,2005,2.161770003,Egypt
EG,2006,4.97522844,Egypt
EG,2007,2.18267,Egypt
EG,2008,1.590982365,Egypt
EG,2009,7.879562428,Egypt
EG,2010,6.13092,Egypt
EG,2011,23.32169954,Egypt
EG,2012,14.79350626,Egypt
EG,2013,16.12359698,Egypt
EG,2014,30.62884254,Egypt
EG,2015,40.32410594,Egypt
EG,2016,19.31614496,Egypt
ER,2000,62.76707337,Eritrea
ER,2001,56.89992105,Eritrea
ER,2002,79.28769361,Eritrea
ER,2003,172.2328428,Eritrea
ER,2004,123.2082959,Eritrea
ER,2005,194.4950992,Eritrea
ER,2006,35.21726189,Eritrea
ER,2007,24.29910879,Eritrea
ER,2008,22.7582159,Eritrea
ER,2009,29.80063766,Eritrea
ER,2010,22.03462349,Eritrea
ER,2011,10.99439791,Eritrea
ER,2012,15.74205106,Eritrea
ER,2013,11.33546486,Eritrea
ER,2014,12.80432358,Eritrea
ER,2015,5.72725507,Eritrea
ER,2016,8.259335573,Eritrea
ES,2000,0,Spain
ES,2001,0,Spain
ES,2002,0,Spain
ES,2003,0,Spain
ES,2004,0,Spain
ES,2005,0,Spain
ES,2006,0,Spain
ES,2007,0,Spain
ES,2008,0,Spain
ES,2009,0,Spain
ES,2010,0,Spain
ES,2011,0,Spain
ES,2012,0,Spain
ES,2013,0.466118974,Spain
ES,2014,0.841658042,Spain
ES,2015,0,Spain
ES,2016,0,Spain
ET,2000,177.5259999,Ethiopia
ET,2001,169.3862353,Ethiopia
ET,2002,196.7275033,Ethiopia
ET,2003,817.0073783,Ethiopia
ET,2004,458.178398,Ethiopia
ET,2005,781.9881962,Ethiopia
ET,2006,329.7365892,Ethiopia
ET,2007,295.0923616,Ethiopia
ET,2008,885.0679306,Ethiopia
ET,2009,697.1742457,Ethiopia
ET,2010,617.6689386,Ethiopia
ET,2011,660.2917542,Ethiopia
ET,2012,476.9482568,Ethiopia
ET,2013,509.2243621,Ethiopia
ET,2014,478.7860177,Ethiopia
ET,2015,604.6935245,Ethiopia
ET,2016,855.3518728,Ethiopia
FJ,2000,0.1098,Fiji
FJ,2001,0,Fiji
FJ,2002,0.75272,Fiji
FJ,2003,1.664928843,Fiji
FJ,2004,0.691742,Fiji
FJ,2005,0.240554,Fiji
FJ,2006,1.150074,Fiji
FJ,2007,1.028862,Fiji
FJ,2008,0.119468,Fiji
FJ,2009,2.512067146,Fiji
FJ,2010,12.27977713,Fiji
FJ,2011,1.402167073,Fiji
FJ,2012,12.64493478,Fiji
FJ,2013,3.851010266,Fiji
FJ,2014,2.064752559,Fiji
FJ,2015,3.812730552,Fiji
FJ,2016,33.15815502,Fiji
FM,2000,0,Micronesia
FM,2001,0,Micronesia
FM,2002,0.035996214,Micronesia
FM,2003,0.145085,Micronesia
FM,2004,0,Micronesia
FM,2005,0.075965,Micronesia
FM,2006,0.693333,Micronesia
FM,2007,0,Micronesia
FM,2008,0.12481,Micronesia
FM,2009,0.720422,Micronesia
FM,2010,0,Micronesia
FM,2011,0.489149161,Micronesia
FM,2012,0.987430319,Micronesia
FM,2013,0.838136839,Micronesia
FM,2014,0.849779323,Micronesia
FM,2015,7.1749792,Micronesia
FM,2016,17.2098363,Micronesia
GA,2000,2.281341,Gabon
GA,2001,3.286762,Gabon
GA,2002,2.917553,Gabon
GA,2003,3.525852,Gabon
GA,2004,3.70923,Gabon
GA,2005,0.882882,Gabon
GA,2006,0.123331,Gabon
GA,2007,0.48739,Gabon
GA,2008,0.552883,Gabon
GA,2009,0.742231,Gabon
GA,2010,0.583171,Gabon
GA,2011,0.227857029,Gabon
GA,2012,0.050263672,Gabon
GA,2013,0.262777461,Gabon
GA,2014,4.41003E-05,Gabon
GA,2015,0.560298492,Gabon
GA,2016,0.051690048,Gabon
GB,2000,0,United Kingdom
GB,2001,0,United Kingdom
GB,2002,0,United Kingdom
GB,2003,0,United Kingdom
GB,2004,0,United Kingdom
GB,2005,0,United Kingdom
GB,2006,0,United Kingdom
GB,2007,0,United Kingdom
GB,2008,0,United Kingdom
GB,2009,0,United Kingdom
GB,2010,0,United Kingdom
GB,2011,0,United Kingdom
GB,2012,0,United Kingdom
GB,2013,0,United Kingdom
GB,2014,0.369575807,United Kingdom
GB,2015,0,United Kingdom
GB,2016,0,United Kingdom
GD,2000,0,Grenada
GD,2001,0,Grenada
GD,2002,0.026204,Grenada
GD,2003,0,Grenada
GD,2004,5.868195092,Grenada
GD,2005,11.87142077,Grenada
GD,2006,2.337237,Grenada
GD,2007,2.644514,Grenada
GD,2008,1.555356,Grenada
GD,2009,0.934609,Grenada
GD,2010,0.03246,Grenada
GD,2011,0,Grenada
GD,2012,0.259685,Grenada
GD,2013,2.404279,Grenada
GD,2014,6.096005,Grenada
GD,2015,2.373605,Grenada
GD,2016,3.939346,Grenada
GE,2000,20.6385588,Georgia
GE,2001,35.047057,Georgia
GE,2002,30.85267726,Georgia
GE,2003,31.37404439,Georgia
GE,2004,50.17689189,Georgia
GE,2005,19.9519154,Georgia
GE,2006,11.77274056,Georgia
GE,2007,15.4328549,Georgia
GE,2008,91.13937193,Georgia
GE,2009,143.3484762,Georgia
GE,2010,51.60720422,Georgia
GE,2011,52.52354315,Georgia
GE,2012,30.01410965,Georgia
GE,2013,61.57086115,Georgia
GE,2014,42.39346048,Georgia
GE,2015,15.72345797,Georgia
GE,2016,25.98496888,Georgia
GH,2000,1.484746,Ghana
GH,2001,2.630794654,Ghana
GH,2002,2.923124,Ghana
GH,2003,5.088570815,Ghana
GH,2004,7.150234,Ghana
GH,2005,3.565653,Ghana
GH,2006,2.769196,Ghana
GH,2007,12.49243832,Ghana
GH,2008,13.66547168,Ghana
GH,2009,7.051748,Ghana
GH,2010,2.656579935,Ghana
GH,2011,3.575729225,Ghana
GH,2012,6.032212368,Ghana
GH,2013,3.620016587,Ghana
GH,2014,1.325134065,Ghana
GH,2015,10.12427843,Ghana
GH,2016,0.834958826,Ghana
GI,2000,0,Gibraltar
GI,2001,0,Gibraltar
GI,2002,0,Gibraltar
GI,2003,0,Gibraltar
GI,2004,0,Gibraltar
GI,2005,0,Gibraltar
GI,2006,0,Gibraltar
GI,2007,0,Gibraltar
GI,2008,0,Gibraltar
GI,2009,0,Gibraltar
GI,2010,0,Gibraltar
GI,2011,0,Gibraltar
GI,2012,0,Gibraltar
GI,2013,0,Gibraltar
GI,2014,0,Gibraltar
GI,2015,0,Gibraltar
GI,2016,0,Gibraltar
GM,2000,1.28736,Gambia
GM,2001,0.822855,Gambia
GM,2002,1.290276,Gambia
GM,2003,3.429932,Gambia
GM,2004,1.764085,Gambia
GM,2005,1.723778,Gambia
GM,2006,0.930449,Gambia
GM,2007,0.244789864,Gambia
GM,2008,1.271248,Gambia
GM,2009,0.84438,Gambia
GM,2010,1.70036506,Gambia
GM,2011,0.274924327,Gambia
GM,2012,7.461881356,Gambia
GM,2013,3.01790141,Gambia
GM,2014,4.486560669,Gambia
GM,2015,2.098792965,Gambia
GM,2016,1.094675069,Gambia
GN,2000,32.952475,Guinea
GN,2001,72.891252,Guinea
GN,2002,60.739778,Guinea
GN,2003,58.404151,Guinea
GN,2004,37.54504252,Guinea
GN,2005,27.968926,Guinea
GN,2006,17.09456039,Guinea
GN,2007,16.80276361,Guinea
GN,2008,18.75105613,Guinea
GN,2009,9.833195726,Guinea
GN,2010,10.69256783,Guinea
GN,2011,7.040390256,Guinea
GN,2012,9.548817748,Guinea
GN,2013,15.1530497,Guinea
GN,2014,62.87342827,Guinea
GN,2015,99.85115708,Guinea
GN,2016,67.85555676,Guinea
GQ,2000,0.014731,Equatorial Guinea
GQ,2001,0,Equatorial Guinea
GQ,2002,0,Equatorial Guinea
GQ,2003,0.999355,Equatorial Guinea
GQ,2004,0.011068,Equatorial Guinea
GQ,2005,0.030657,Equatorial Guinea
GQ,2006,0,Equatorial Guinea
GQ,2007,0,Equatorial Guinea
GQ,2008,1.56429,Equatorial Guinea
GQ,2009,0.827637,Equatorial Guinea
GQ,2010,0,Equatorial Guinea
GQ,2011,0.034230102,Equatorial Guinea
GQ,2012,0.05724807,Equatorial Guinea
GQ,2013,0.008970001,Equatorial Guinea
GQ,2014,2.58602E-05,Equatorial Guinea
GQ,2015,0.107776819,Equatorial Guinea
GQ,2016,0.029521683,Equatorial Guinea
GR,2000,0,Greece
GR,2001,0,Greece
GR,2002,0,Greece
GR,2003,0,Greece
GR,2004,0,Greece
GR,2005,0,Greece
GR,2006,0,Greece
GR,2007,2.943733047,Greece
GR,2008,0.025338665,Greece
GR,2009,0,Greece
GR,2010,0,Greece
GR,2011,0,Greece
GR,2012,0,Greece
GR,2013,0,Greece
GR,2014,0,Greece
GR,2015,2.613696367,Greece
GR,2016,507.995768,Greece
GT,2000,7.052369,Guatemala
GT,2001,14.476022,Guatemala
GT,2002,40.855733,Guatemala
GT,2003,12.072514,Guatemala
GT,2004,10.19986,Guatemala
GT,2005,35.83928013,Guatemala
GT,2006,36.846316,Guatemala
GT,2007,13.964217,Guatemala
GT,2008,7.822178512,Guatemala
GT,2009,4.584067384,Guatemala
GT,2010,45.60063978,Guatemala
GT,2011,27.70188918,Guatemala
GT,2012,14.93312645,Guatemala
GT,2013,10.06494709,Guatemala
GT,2014,15.59698053,Guatemala
GT,2015,7.879245,Guatemala
GT,2016,22.81436866,Guatemala
GU,2000,0,Guam
GU,2001,0,Guam
GU,2002,0.128748945,Guam
GU,2003,0,Guam
GU,2004,0,Guam
GU,2005,0,Guam
GU,2006,0,Guam
GU,2007,0,Guam
GU,2008,0,Guam
GU,2009,0,Guam
GU,2010,0,Guam
GU,2011,0,Guam
GU,2012,0,Guam
GU,2013,0,Guam
GU,2014,0,Guam
GU,2015,0,Guam
GU,2016,0,Guam
GW,2000,5.151465,Guinea-Bissau
GW,2001,2.733257,Guinea-Bissau
GW,2002,3.586004481,Guinea-Bissau
GW,2003,4.409634,Guinea-Bissau
GW,2004,1.205774,Guinea-Bissau
GW,2005,3.278057,Guinea-Bissau
GW,2006,2.764519647,Guinea-Bissau
GW,2007,0.941816141,Guinea-Bissau
GW,2008,2.039250755,Guinea-Bissau
GW,2009,1.311468134,Guinea-Bissau
GW,2010,1.30559244,Guinea-Bissau
GW,2011,1.079088285,Guinea-Bissau
GW,2012,2.321590944,Guinea-Bissau
GW,2013,4.030531241,Guinea-Bissau
GW,2014,5.07973494,Guinea-Bissau
GW,2015,2.179963099,Guinea-Bissau
GW,2016,0.706161639,Guinea-Bissau
GY,2000,0.303402,Guyana
GY,2001,0.061976,Guyana
GY,2002,0,Guyana
GY,2003,0,Guyana
GY,2004,0.035512,Guyana
GY,2005,3.908217846,Guyana
GY,2006,0.417666,Guyana
GY,2007,0.455761,Guyana
GY,2008,0,Guyana
GY,2009,0.084809,Guyana
GY,2010,0.729225,Guyana
GY,2011,0.261013,Guyana
GY,2012,0.360015,Guyana
GY,2013,0.424088,Guyana
GY,2014,0.061151,Guyana
GY,2015,0.050846,Guyana
GY,2016,0.269749,Guyana
HK,2000,0,Hong Kong
HK,2001,0,Hong Kong
HK,2002,0,Hong Kong
HK,2003,0,Hong Kong
HK,2004,0,Hong Kong
HK,2005,0,Hong Kong
HK,2006,0,Hong Kong
HK,2007,0,Hong Kong
HK,2008,0,Hong Kong
HK,2009,0,Hong Kong
HK,2010,0,Hong Kong
HK,2011,0,Hong Kong
HK,2012,0,Hong Kong
HK,2013,0,Hong Kong
HK,2014,0,Hong Kong
HK,2015,0,Hong Kong
HK,2016,0,Hong Kong
HN,2000,39.374507,Honduras
HN,2001,27.912344,Honduras
HN,2002,9.633274,Honduras
HN,2003,6.483829,Honduras
HN,2004,22.987766,Honduras
HN,2005,16.992091,Honduras
HN,2006,9.867910298,Honduras
HN,2007,11.790525,Honduras
HN,2008,14.24852264,Honduras
HN,2009,11.14421947,Honduras
HN,2010,8.649408857,Honduras
HN,2011,7.206272,Honduras
HN,2012,15.71961478,Honduras
HN,2013,13.40438816,Honduras
HN,2014,18.95486271,Honduras
HN,2015,12.27487882,Honduras
HN,2016,11.31574,Honduras
HR,2000,48.60110239,Croatia
HR,2001,50.10233973,Croatia
HR,2002,32.77932898,Croatia
HR,2003,13.96005842,Croatia
HR,2004,9.657176092,Croatia
HR,2005,11.21893808,Croatia
HR,2006,6.184015634,Croatia
HR,2007,3.993719939,Croatia
HR,2008,3.058654338,Croatia
HR,2009,2.229415865,Croatia
HR,2010,1.667409933,Croatia
HR,2011,0.571410104,Croatia
HR,2012,0.60631329,Croatia
HR,2013,0,Croatia
HR,2014,0.404642402,Croatia
HR,2015,0.203675893,Croatia
HR,2016,0.209249,Croatia
HT,2000,1.780871,Haiti
HT,2001,1.084555,Haiti
HT,2002,0.469482,Haiti
HT,2003,6.711090154,Haiti
HT,2004,55.18526418,Haiti
HT,2005,68.48968103,Haiti
HT,2006,68.45746981,Haiti
HT,2007,50.61784606,Haiti
HT,2008,194.7714623,Haiti
HT,2009,144.2985207,Haiti
HT,2010,2746.179305,Haiti
HT,2011,516.1832308,Haiti
HT,2012,260.1020129,Haiti
HT,2013,225.2941013,Haiti
HT,2014,202.7381905,Haiti
HT,2015,126.092069,Haiti
HT,2016,176.7032433,Haiti
HU,2000,0.129911958,Hungary
HU,2001,0.155321953,Hungary
HU,2002,0,Hungary
HU,2003,0.02160744,Hungary
HU,2004,0,Hungary
HU,2005,0.050386585,Hungary
HU,2006,0,Hungary
HU,2007,0,Hungary
HU,2008,0,Hungary
HU,2009,0,Hungary
HU,2010,0.169679192,Hungary
HU,2011,0,Hungary
HU,2012,0,Hungary
HU,2013,0,Hungary
HU,2014,0,Hungary
HU,2015,0.133540085,Hungary
HU,2016,0,Hungary
ID,2000,69.22200782,Indonesia
ID,2001,73.30967398,Indonesia
ID,2002,69.556967,Indonesia
ID,2003,66.36163474,Indonesia
ID,2004,33.22523438,Indonesia
ID,2005,735.7708297,Indonesia
ID,2006,444.6832976,Indonesia
ID,2007,228.1726655,Indonesia
ID,2008,172.8216245,Indonesia
ID,2009,255.5948815,Indonesia
ID,2010,127.993157,Indonesia
ID,2011,163.2618566,Indonesia
ID,2012,39.4221842,Indonesia
ID,2013,50.31722086,Indonesia
ID,2014,36.51515718,Indonesia
ID,2015,52.42277437,Indonesia
ID,2016,36.58496693,Indonesia
IL,2000,0,Israel
IL,2001,0.668277185,Israel
IL,2002,2.733412663,Israel
IL,2003,0,Israel
IL,2004,0.899606436,Israel
IL,2005,1.417241705,Israel
IL,2006,2.661512156,Israel
IL,2007,0.161801912,Israel
IL,2008,1.026716453,Israel
IL,2009,1.084149517,Israel
IL,2010,0.617936664,Israel
IL,2011,0,Israel
IL,2012,0,Israel
IL,2013,0,Israel
IL,2014,13.55020624,Israel
IL,2015,1.987031269,Israel
IL,2016,0.822368,Israel
IN,2000,39.582925,India
IN,2001,124.8349562,India
IN,2002,36.749416,India
IN,2003,28.406048,India
IN,2004,22.54782709,India
IN,2005,73.04306402,India
IN,2006,61.34897455,India
IN,2007,30.48869268,India
IN,2008,39.86847941,India
IN,2009,30.31531038,India
IN,2010,25.06963618,India
IN,2011,26.08274746,India
IN,2012,46.57446499,India
IN,2013,49.33837072,India
IN,2014,111.5818068,India
IN,2015,64.20935381,India
IN,2016,125.4616421,India
IQ,2000,126.199304,Iraq
IQ,2001,156.711144,Iraq
IQ,2002,130.1490109,Iraq
IQ,2003,1334.662736,Iraq
IQ,2004,936.4038264,Iraq
IQ,2005,680.3317332,Iraq
IQ,2006,391.2085091,Iraq
IQ,2007,370.2962483,Iraq
IQ,2008,371.870701,Iraq
IQ,2009,497.6705917,Iraq
IQ,2010,185.7943246,Iraq
IQ,2011,307.5822041,Iraq
IQ,2012,90.58668012,Iraq
IQ,2013,160.8523626,Iraq
IQ,2014,1000.329842,Iraq
IQ,2015,891.0357334,Iraq
IQ,2016,1416.208276,Iraq
IR,2000,48.196227,Iran
IR,2001,43.87901693,Iran
IR,2002,58.65423789,Iran
IR,2003,79.9286278,Iran
IR,2004,118.3627464,Iran
IR,2005,28.45513903,Iran
IR,2006,42.24331745,Iran
IR,2007,17.000459,Iran
IR,2008,4.741613876,Iran
IR,2009,9.875317,Iran
IR,2010,19.59951317,Iran
IR,2011,12.14169318,Iran
IR,2012,35.12690411,Iran
IR,2013,11.66422039,Iran
IR,2014,15.03765692,Iran
IR,2015,11.23391217,Iran
IR,2016,39.59694605,Iran
IT,2000,0,Italy
IT,2001,0,Italy
IT,2002,0,Italy
IT,2003,0,Italy
IT,2004,0,Italy
IT,2005,0.006554918,Italy
IT,2006,0,Italy
IT,2007,0,Italy
IT,2008,0,Italy
IT,2009,0.036226636,Italy
IT,2010,0,Italy
IT,2011,0,Italy
IT,2012,0.038365722,Italy
IT,2013,0,Italy
IT,2014,1.084157887,Italy
IT,2015,0.054354848,Italy
IT,2016,0.034014,Italy
JM,2000,0,Jamaica
JM,2001,0.628942,Jamaica
JM,2002,0.623196,Jamaica
JM,2003,0.461338,Jamaica
JM,2004,2.33717255,Jamaica
JM,2005,3.211312254,Jamaica
JM,2006,10.650218,Jamaica
JM,2007,2.161341494,Jamaica
JM,2008,1.051389022,Jamaica
JM,2009,0.631311,Jamaica
JM,2010,1.864059696,Jamaica
JM,2011,1.626106,Jamaica
JM,2012,0.624171,Jamaica
JM,2013,1.508367,Jamaica
JM,2014,0.665599,Jamaica
JM,2015,1.480477,Jamaica
JM,2016,1.01,Jamaica
JO,2000,107.1043288,Jordan
JO,2001,112.746795,Jordan
JO,2002,110.562844,Jordan
JO,2003,122.559596,Jordan
JO,2004,100.6712898,Jordan
JO,2005,100.7596995,Jordan
JO,2006,97.61541669,Jordan
JO,2007,100.070827,Jordan
JO,2008,125.3034993,Jordan
JO,2009,128.1806268,Jordan
JO,2010,164.2051543,Jordan
JO,2011,137.2905587,Jordan
JO,2012,317.3174006,Jordan
JO,2013,588.5336358,Jordan
JO,2014,835.0029354,Jordan
JO,2015,958.7878559,Jordan
JO,2016,734.3901801,Jordan
JP,2000,0,Japan
JP,2001,0,Japan
JP,2002,0,Japan
JP,2003,0,Japan
JP,2004,0.238761009,Japan
JP,2005,0,Japan
JP,2006,0,Japan
JP,2007,0.065311836,Japan
JP,2008,0,Japan
JP,2009,0,Japan
JP,2010,0,Japan
JP,2011,666.048265,Japan
JP,2012,0,Japan
JP,2013,0,Japan
JP,2014,0,Japan
JP,2015,0,Japan
JP,2016,0,Japan
KE,2000,44.53453034,Kenya
KE,2001,60.88702744,Kenya
KE,2002,78.66456425,Kenya
KE,2003,61.673626,Kenya
KE,2004,84.97446937,Kenya
KE,2005,75.1816808,Kenya
KE,2006,209.3861106,Kenya
KE,2007,183.6984288,Kenya
KE,2008,270.6143674,Kenya
KE,2009,367.9476445,Kenya
KE,2010,285.1183539,Kenya
KE,2011,503.3549498,Kenya
KE,2012,377.0599195,Kenya
KE,2013,396.3165877,Kenya
KE,2014,359.2693547,Kenya
KE,2015,251.1319214,Kenya
KE,2016,235.9786844,Kenya
KG,2000,2.851626,Kyrgyzstan
KG,2001,6.503719,Kyrgyzstan
KG,2002,6.758182538,Kyrgyzstan
KG,2003,5.257582671,Kyrgyzstan
KG,2004,4.328799285,Kyrgyzstan
KG,2005,2.998888487,Kyrgyzstan
KG,2006,6.96588883,Kyrgyzstan
KG,2007,2.27230697,Kyrgyzstan
KG,2008,4.886026476,Kyrgyzstan
KG,2009,12.49127948,Kyrgyzstan
KG,2010,87.4444864,Kyrgyzstan
KG,2011,34.96747447,Kyrgyzstan
KG,2012,19.66031977,Kyrgyzstan
KG,2013,13.1601261,Kyrgyzstan
KG,2014,6.446419451,Kyrgyzstan
KG,2015,4.684705574,Kyrgyzstan
KG,2016,3.856565852,Kyrgyzstan
KH,2000,50.25585757,Cambodia
KH,2001,21.894102,Cambodia
KH,2002,19.86840893,Cambodia
KH,2003,8.418196,Cambodia
KH,2004,12.033198,Cambodia
KH,2005,8.472479,Cambodia
KH,2006,11.15901504,Cambodia
KH,2007,16.426882,Cambodia
KH,2008,9.315097569,Cambodia
KH,2009,9.765261919,Cambodia
KH,2010,9.442887,Cambodia
KH,2011,27.03217725,Cambodia
KH,2012,16.55362549,Cambodia
KH,2013,6.183562948,Cambodia
KH,2014,22.68936908,Cambodia
KH,2015,3.068347693,Cambodia
KH,2016,3.062275298,Cambodia
KI,2000,0,Kiribati
KI,2001,0.033809,Kiribati
KI,2002,0.030539,Kiribati
KI,2003,0,Kiribati
KI,2004,0,Kiribati
KI,2005,0.063304,Kiribati
KI,2006,0,Kiribati
KI,2007,0,Kiribati
KI,2008,0,Kiribati
KI,2009,0,Kiribati
KI,2010,5.408148,Kiribati
KI,2011,1.184497153,Kiribati
KI,2012,0.761281266,Kiribati
KI,2013,0.042905014,Kiribati
KI,2014,1.54497E-05,Kiribati
KI,2015,0.29268164,Kiribati
KI,2016,0.320596068,Kiribati
KM,2000,1.819158,Comoros
KM,2001,2.386068,Comoros
KM,2002,0.446179,Comoros
KM,2003,0.023098,Comoros
KM,2004,0.020666,Comoros
KM,2005,0.937488871,Comoros
KM,2006,0.67175211,Comoros
KM,2007,0.213265596,Comoros
KM,2008,0.611786659,Comoros
KM,2009,0.514743197,Comoros
KM,2010,0.809362297,Comoros
KM,2011,0.051614482,Comoros
KM,2012,7.435591852,Comoros
KM,2013,0.113716434,Comoros
KM,2014,0.666360081,Comoros
KM,2015,1.252024596,Comoros
KM,2016,1.308467109,Comoros
KN,2000,0,Saint Kitts and Nevis
KN,2001,0,Saint Kitts and Nevis
KN,2002,0,Saint Kitts and Nevis
KN,2003,0.025692,Saint Kitts and Nevis
KN,2004,0,Saint Kitts and Nevis
KN,2005,0.087108,Saint Kitts and Nevis
KN,2006,0.009974,Saint Kitts and Nevis
KN,2007,0,Saint Kitts and Nevis
KN,2008,0,Saint Kitts and Nevis
KN,2009,0.095556,Saint Kitts and Nevis
KN,2010,0,Saint Kitts and Nevis
KN,2011,0.184797,Saint Kitts and Nevis
KN,2012,0,Saint Kitts and Nevis
KN,2013,0.0694,Saint Kitts and Nevis
KN,2014,0,Saint Kitts and Nevis
KN,2015,0,Saint Kitts and Nevis
KN,2016,0,Saint Kitts and Nevis
KP,2000,42.62787759,North Korea
KP,2001,93.24075255,North Korea
KP,2002,232.0892743,North Korea
KP,2003,113.4572588,North Korea
KP,2004,128.0872903,North Korea
KP,2005,56.07968899,North Korea
KP,2006,28.36227887,North Korea
KP,2007,61.95715725,North Korea
KP,2008,117.042179,North Korea
KP,2009,31.80070862,North Korea
KP,2010,30.87146438,North Korea
KP,2011,60.22809092,North Korea
KP,2012,51.65316601,North Korea
KP,2013,37.51117188,North Korea
KP,2014,22.21039848,North Korea
KP,2015,24.75288336,North Korea
KP,2016,38.7110328,North Korea
KR,2000,0,South Korea
KR,2001,0,South Korea
KR,2002,0.21475545,South Korea
KR,2003,0.144963847,South Korea
KR,2004,0,South Korea
KR,2005,0,South Korea
KR,2006,0,South Korea
KR,2007,0,South Korea
KR,2008,0,South Korea
KR,2009,0,South Korea
KR,2010,0,South Korea
KR,2011,0,South Korea
KR,2012,0,South Korea
KR,2013,0.156317027,South Korea
KR,2014,0.552783134,South Korea
KR,2015,0.46000179,South Korea
KR,2016,0.379529,South Korea
KW,2000,0,Kuwait
KW,2001,0.160825039,Kuwait
KW,2002,0.136088271,Kuwait
KW,2003,4.542168827,Kuwait
KW,2004,0,Kuwait
KW,2005,0,Kuwait
KW,2006,0,Kuwait
KW,2007,0,Kuwait
KW,2008,0,Kuwait
KW,2009,0,Kuwait
KW,2010,0,Kuwait
KW,2011,0,Kuwait
KW,2012,0,Kuwait
KW,2013,0,Kuwait
KW,2014,0,Kuwait
KW,2015,0,Kuwait
KW,2016,0,Kuwait
KY,2000,0,Cayman Islands
KY,2001,0,Cayman Islands
KY,2002,0,Cayman Islands
KY,2003,0,Cayman Islands
KY,2004,0.002948793,Cayman Islands
KY,2005,0,Cayman Islands
KY,2006,0,Cayman Islands
KY,2007,0,Cayman Islands
KY,2008,0,Cayman Islands
KY,2009,0,Cayman Islands
KY,2010,0,Cayman Islands
KY,2011,0,Cayman Islands
KY,2012,0,Cayman Islands
KY,2013,0,Cayman Islands
KY,2014,0,Cayman Islands
KY,2015,0,Cayman Islands
KY,2016,0,Cayman Islands
KZ,2000,2.654281,Kazakhstan
KZ,2001,5.92489,Kazakhstan
KZ,2002,4.158687,Kazakhstan
KZ,2003,2.555342,Kazakhstan
KZ,2004,2.490675358,Kazakhstan
KZ,2005,1.861767,Kazakhstan
KZ,2006,1.01458,Kazakhstan
KZ,2007,0.844971,Kazakhstan
KZ,2008,1.366643,Kazakhstan
KZ,2009,0.557143962,Kazakhstan
KZ,2010,2.427428937,Kazakhstan
KZ,2011,0.979518,Kazakhstan
KZ,2012,0.918913,Kazakhstan
KZ,2013,2.082975367,Kazakhstan
KZ,2014,1.161178123,Kazakhstan
KZ,2015,0.48663134,Kazakhstan
KZ,2016,5.445974024,Kazakhstan
LA,2000,7.629337007,Lao
LA,2001,4.761219,Lao
LA,2002,3.125898,Lao
LA,2003,2.238461,Lao
LA,2004,2.224864,Lao
LA,2005,4.466646,Lao
LA,2006,4.078296,Lao
LA,2007,1.817257,Lao
LA,2008,4.552945781,Lao
LA,2009,9.813990722,Lao
LA,2010,12.458926,Lao
LA,2011,12.68469613,Lao
LA,2012,9.915692214,Lao
LA,2013,9.724330664,Lao
LA,2014,9.453265188,Lao
LA,2015,8.946917071,Lao
LA,2016,8.256756751,Lao
LB,2000,70.458885,Lebanon
LB,2001,79.76742014,Lebanon
LB,2002,82.052794,Lebanon
LB,2003,74.265445,Lebanon
LB,2004,83.47285973,Lebanon
LB,2005,92.68356375,Lebanon
LB,2006,501.7571977,Lebanon
LB,2007,311.0269365,Lebanon
LB,2008,174.5218283,Lebanon
LB,2009,154.7400463,Lebanon
LB,2010,115.7521079,Lebanon
LB,2011,122.0879606,Lebanon
LB,2012,439.1664583,Lebanon
LB,2013,427.4384523,Lebanon
LB,2014,471.4205682,Lebanon
LB,2015,808.8969762,Lebanon
LB,2016,648.4898451,Lebanon
LC,2000,0,Saint Lucia
LC,2001,0,Saint Lucia
LC,2002,0,Saint Lucia
LC,2003,0,Saint Lucia
LC,2004,0,Saint Lucia
LC,2005,0.065596,Saint Lucia
LC,2006,0.009974,Saint Lucia
LC,2007,2.203561,Saint Lucia
LC,2008,1.046381,Saint Lucia
LC,2009,0.621721,Saint Lucia
LC,2010,2.360544,Saint Lucia
LC,2011,3.420289,Saint Lucia
LC,2012,0.21533,Saint Lucia
LC,2013,0.745417,Saint Lucia
LC,2014,1.371595,Saint Lucia
LC,2015,0.931054,Saint Lucia
LC,2016,6.576025,Saint Lucia
LK,2000,38.14499775,Sri Lanka
LK,2001,34.41192403,Sri Lanka
LK,2002,39.54057884,Sri Lanka
LK,2003,35.64716135,Sri Lanka
LK,2004,48.90792217,Sri Lanka
LK,2005,436.4618763,Sri Lanka
LK,2006,147.645757,Sri Lanka
LK,2007,190.6114728,Sri Lanka
LK,2008,227.8281852,Sri Lanka
LK,2009,214.8786339,Sri Lanka
LK,2010,209.1503538,Sri Lanka
LK,2011,139.5268412,Sri Lanka
LK,2012,87.23899927,Sri Lanka
LK,2013,70.72575249,Sri Lanka
LK,2014,36.01280661,Sri Lanka
LK,2015,23.19183999,Sri Lanka
LK,2016,48.97045788,Sri Lanka
LR,2000,20.982212,Liberia
LR,2001,19.61932387,Liberia
LR,2002,39.163307,Liberia
LR,2003,93.4844822,Liberia
LR,2004,173.8699874,Liberia
LR,2005,139.3950137,Liberia
LR,2006,134.9294829,Liberia
LR,2007,110.9794225,Liberia
LR,2008,116.5820484,Liberia
LR,2009,40.95073468,Liberia
LR,2010,34.411747,Liberia
LR,2011,91.94376659,Liberia
LR,2012,64.42059993,Liberia
LR,2013,37.56395604,Liberia
LR,2014,147.2093813,Liberia
LR,2015,361.0376542,Liberia
LR,2016,120.5351653,Liberia
LS,2000,0,Lesotho
LS,2001,0,Lesotho
LS,2002,2.084690094,Lesotho
LS,2003,2.456497709,Lesotho
LS,2004,2.998808637,Lesotho
LS,2005,8.13298232,Lesotho
LS,2006,2.011282,Lesotho
LS,2007,21.47349901,Lesotho
LS,2008,3.560488891,Lesotho
LS,2009,1.05868952,Lesotho
LS,2010,7.20820169,Lesotho
LS,2011,6.192956788,Lesotho
LS,2012,14.13093005,Lesotho
LS,2013,9.732157318,Lesotho
LS,2014,4.456325199,Lesotho
LS,2015,0.580531782,Lesotho
LS,2016,11.58916932,Lesotho
LY,2000,0,Libya
LY,2001,0,Libya
LY,2002,0,Libya
LY,2003,0,Libya
LY,2004,0,Libya
LY,2005,0.881796,Libya
LY,2006,0.430541,Libya
LY,2007,0.779935562,Libya
LY,2008,1.059237,Libya
LY,2009,1.795366,Libya
LY,2010,0.733202,Libya
LY,2011,459.2718463,Libya
LY,2012,31.34886023,Libya
LY,2013,7.49809241,Libya
LY,2014,16.86396871,Libya
LY,2015,25.68110475,Libya
LY,2016,70.49446293,Libya
MA,2000,0.83733,Morocco
MA,2001,0.678596,Morocco
MA,2002,2.189120909,Morocco
MA,2003,1.384082,Morocco
MA,2004,19.3245723,Morocco
MA,2005,5.93363702,Morocco
MA,2006,5.219321862,Morocco
MA,2007,10.63374005,Morocco
MA,2008,2.464766644,Morocco
MA,2009,2.570349503,Morocco
MA,2010,4.495674361,Morocco
MA,2011,4.139790234,Morocco
MA,2012,10.02718764,Morocco
MA,2013,4.327282183,Morocco
MA,2014,8.17214131,Morocco
MA,2015,9.067480317,Morocco
MA,2016,11.20435918,Morocco
MD,2000,10.95159695,Moldova
MD,2001,25.12429252,Moldova
MD,2002,9.309459,Moldova
MD,2003,13.3697519,Moldova
MD,2004,7.442011,Moldova
MD,2005,9.843434585,Moldova
MD,2006,4.62397184,Moldova
MD,2007,8.641619593,Moldova
MD,2008,6.531841816,Moldova
MD,2009,1.1913,Moldova
MD,2010,2.325290034,Moldova
MD,2011,1.968972923,Moldova
MD,2012,2.983007172,Moldova
MD,2013,4.944712656,Moldova
MD,2014,3.515919289,Moldova
MD,2015,2.605537671,Moldova
MD,2016,3.851226751,Moldova
ME,2000,0,Montenegro
ME,2001,0,Montenegro
ME,2002,0,Montenegro
ME,2003,0,Montenegro
ME,2004,0,Montenegro
ME,2005,0,Montenegro
ME,2006,0.846914,Montenegro
ME,2007,3.095598,Montenegro
ME,2008,1.448097,Montenegro
ME,2009,2.277201,Montenegro
ME,2010,3.148913724,Montenegro
ME,2011,3.710222,Montenegro
ME,2012,3.628490873,Montenegro
ME,2013,2.164399,Montenegro
ME,2014,0.200987039,Montenegro
ME,2015,1.864303139,Montenegro
ME,2016,2.39974626,Montenegro
MF,2000,0,Saint Martin
MF,2001,0,Saint Martin
MF,2002,0,Saint Martin
MF,2003,0,Saint Martin
MF,2004,0,Saint Martin
MF,2005,0,Saint Martin
MF,2006,0,Saint Martin
MF,2007,0,Saint Martin
MF,2008,0,Saint Martin
MF,2009,0,Saint Martin
MF,2010,0,Saint Martin
MF,2011,0,Saint Martin
MF,2012,0,Saint Martin
MF,2013,0,Saint Martin
MF,2014,0,Saint Martin
MF,2015,0,Saint Martin
MF,2016,0,Saint Martin
MG,2000,6.139878188,Madagascar
MG,2001,13.095059,Madagascar
MG,2002,3.860473,Madagascar
MG,2003,5.793231,Madagascar
MG,2004,9.353322,Madagascar
MG,2005,3.303435,Madagascar
MG,2006,3.39399,Madagascar
MG,2007,18.44698117,Madagascar
MG,2008,19.56550919,Madagascar
MG,2009,14.76392217,Madagascar
MG,2010,34.3897594,Madagascar
MG,2011,21.9895305,Madagascar
MG,2012,25.33664299,Madagascar
MG,2013,21.83983652,Madagascar
MG,2014,16.40976141,Madagascar
MG,2015,15.77996201,Madagascar
MG,2016,58.10058149,Madagascar
MH,2000,0,Marshall Islands
MH,2001,0,Marshall Islands
MH,2002,0,Marshall Islands
MH,2003,0,Marshall Islands
MH,2004,0,Marshall Islands
MH,2005,0.086981,Marshall Islands
MH,2006,2.679322,Marshall Islands
MH,2007,0,Marshall Islands
MH,2008,0.099848,Marshall Islands
MH,2009,0.751873,Marshall Islands
MH,2010,0.04403,Marshall Islands
MH,2011,0.331058577,Marshall Islands
MH,2012,0.737280209,Marshall Islands
MH,2013,4.18882207,Marshall Islands
MH,2014,1.628985249,Marshall Islands
MH,2015,2.22803388,Marshall Islands
MH,2016,2.916791671,Marshall Islands
MK,2000,37.477908,Macedonia
MK,2001,61.16601,Macedonia
MK,2002,33.65786692,Macedonia
MK,2003,12.912395,Macedonia
MK,2004,4.377529,Macedonia
MK,2005,4.06168,Macedonia
MK,2006,0.996176,Macedonia
MK,2007,2.653919906,Macedonia
MK,2008,1.809126,Macedonia
MK,2009,1.481709,Macedonia
MK,2010,0.753594974,Macedonia
MK,2011,0.812239146,Macedonia
MK,2012,1.937772209,Macedonia
MK,2013,1.42770027,Macedonia
MK,2014,0.125465703,Macedonia
MK,2015,8.2355887,Macedonia
MK,2016,25.6237528,Macedonia
ML,2000,3.193583,Mali
ML,2001,1.694542,Mali
ML,2002,2.276619,Mali
ML,2003,5.243427143,Mali
ML,2004,4.620737049,Mali
ML,2005,18.1728259,Mali
ML,2006,15.36375008,Mali
ML,2007,8.473032129,Mali
ML,2008,7.1916056,Mali
ML,2009,7.461842984,Mali
ML,2010,20.09165199,Mali
ML,2011,16.48585336,Mali
ML,2012,247.7331237,Mali
ML,2013,227.6426447,Mali
ML,2014,212.6722972,Mali
ML,2015,175.710811,Mali
ML,2016,173.6559346,Mali
MM,2000,20.410377,Myanmar
MM,2001,22.986031,Myanmar
MM,2002,35.015113,Myanmar
MM,2003,25.915124,Myanmar
MM,2004,29.793525,Myanmar
MM,2005,31.03010528,Myanmar
MM,2006,33.31597608,Myanmar
MM,2007,42.67022283,Myanmar
MM,2008,439.1282086,Myanmar
MM,2009,148.1256767,Myanmar
MM,2010,96.89552961,Myanmar
MM,2011,84.78100272,Myanmar
MM,2012,114.1551813,Myanmar
MM,2013,200.480803,Myanmar
MM,2014,203.7912894,Myanmar
MM,2015,202.0102166,Myanmar
MM,2016,202.168112,Myanmar
MN,2000,11.88556079,Mongolia
MN,2001,21.546234,Mongolia
MN,2002,4.669805,Mongolia
MN,2003,7.009401,Mongolia
MN,2004,4.370073,Mongolia
MN,2005,5.565600051,Mongolia
MN,2006,1.463237477,Mongolia
MN,2007,1.011455,Mongolia
MN,2008,0.70335278,Mongolia
MN,2009,0.850739,Mongolia
MN,2010,11.63753444,Mongolia
MN,2011,1.419760613,Mongolia
MN,2012,1.788386344,Mongolia
MN,2013,12.49103115,Mongolia
MN,2014,2.47462622,Mongolia
MN,2015,1.010546672,Mongolia
MN,2016,5.066907172,Mongolia
MO,2000,0,Macao
MO,2001,0,Macao
MO,2002,0,Macao
MO,2003,0,Macao
MO,2004,0,Macao
MO,2005,0,Macao
MO,2006,0,Macao
MO,2007,0,Macao
MO,2008,0,Macao
MO,2009,0,Macao
MO,2010,0,Macao
MO,2011,0,Macao
MO,2012,0,Macao
MO,2013,0,Macao
MO,2014,0,Macao
MO,2015,0,Macao
MO,2016,0,Macao
MP,2000,0,Northern Mariana Islands
MP,2001,0,Northern Mariana Islands
MP,2002,0,Northern Mariana Islands
MP,2003,0,Northern Mariana Islands
MP,2004,0,Northern Mariana Islands
MP,2005,0,Northern Mariana Islands
MP,2006,0,Northern Mariana Islands
MP,2007,0,Northern Mariana Islands
MP,2008,0,Northern Mariana Islands
MP,2009,0,Northern Mariana Islands
MP,2010,0,Northern Mariana Islands
MP,2011,0,Northern Mariana Islands
MP,2012,0,Northern Mariana Islands
MP,2013,0,Northern Mariana Islands
MP,2014,0,Northern Mariana Islands
MP,2015,0,Northern Mariana Islands
MP,2016,0,Northern Mariana Islands
MR,2000,1.938201,Mauritania
MR,2001,1.479358,Mauritania
MR,2002,2.286438033,Mauritania
MR,2003,18.475125,Mauritania
MR,2004,10.50974858,Mauritania
MR,2005,17.79319269,Mauritania
MR,2006,8.83814928,Mauritania
MR,2007,35.95234435,Mauritania
MR,2008,32.01156832,Mauritania
MR,2009,9.36373826,Mauritania
MR,2010,8.966929826,Mauritania
MR,2011,11.04416037,Mauritania
MR,2012,63.93508537,Mauritania
MR,2013,64.3228447,Mauritania
MR,2014,48.64564396,Mauritania
MR,2015,47.46933334,Mauritania
MR,2016,42.00635073,Mauritania
MS,2000,7.596956,Montserrat
MS,2001,2.384806,Montserrat
MS,2002,1.87267,Montserrat
MS,2003,1.542042,Montserrat
MS,2004,0.351547,Montserrat
MS,2005,0.111015,Montserrat
MS,2006,0.009974,Montserrat
MS,2007,0,Montserrat
MS,2008,0.167177,Montserrat
MS,2009,0.076663,Montserrat
MS,2010,0.133757,Montserrat
MS,2011,0,Montserrat
MS,2012,0,Montserrat
MS,2013,0,Montserrat
MS,2014,0,Montserrat
MS,2015,0,Montserrat
MS,2016,0.019441,Montserrat
MT,2000,0,Malta
MT,2001,0,Malta
MT,2002,0,Malta
MT,2003,0,Malta
MT,2004,0,Malta
MT,2005,0,Malta
MT,2006,0,Malta
MT,2007,0,Malta
MT,2008,0,Malta
MT,2009,0,Malta
MT,2010,0,Malta
MT,2011,0,Malta
MT,2012,0,Malta
MT,2013,0,Malta
MT,2014,0,Malta
MT,2015,0,Malta
MT,2016,0.254582,Malta
MU,2000,0,Mauritius
MU,2001,0,Mauritius
MU,2002,1.218649284,Mauritius
MU,2003,0.104777,Mauritius
MU,2004,0,Mauritius
MU,2005,0,Mauritius
MU,2006,0,Mauritius
MU,2007,0.008779,Mauritius
MU,2008,0.146345,Mauritius
MU,2009,0.046927,Mauritius
MU,2010,0.097381,Mauritius
MU,2011,0.108596117,Mauritius
MU,2012,3.010049824,Mauritius
MU,2013,0.952999339,Mauritius
MU,2014,0.859014782,Mauritius
MU,2015,0.778277786,Mauritius
MU,2016,0.620068269,Mauritius
MV,2000,0,Maldives
MV,2001,0.016905,Maldives
MV,2002,2.244649,Maldives
MV,2003,0,Maldives
MV,2004,1.453194213,Maldives
MV,2005,49.80841737,Maldives
MV,2006,17.779843,Maldives
MV,2007,10.250034,Maldives
MV,2008,1.493148,Maldives
MV,2009,7.818619,Maldives
MV,2010,16.17360609,Maldives
MV,2011,2.023679204,Maldives
MV,2012,0.520688707,Maldives
MV,2013,0.195170043,Maldives
MV,2014,0.528790009,Maldives
MV,2015,0.163789592,Maldives
MV,2016,0.19686692,Maldives
MW,2000,2.134732,Malawi
MW,2001,4.499454714,Malawi
MW,2002,24.32596525,Malawi
MW,2003,32.47114781,Malawi
MW,2004,7.880000541,Malawi
MW,2005,41.14454785,Malawi
MW,2006,53.08118848,Malawi
MW,2007,10.92550587,Malawi
MW,2008,17.0764679,Malawi
MW,2009,8.080865283,Malawi
MW,2010,12.53413458,Malawi
MW,2011,15.36965487,Malawi
MW,2012,54.37100408,Malawi
MW,2013,84.29670391,Malawi
MW,2014,47.51448824,Malawi
MW,2015,100.7749911,Malawi
MW,2016,153.5609065,Malawi
MX,2000,7.949797,Mexico
MX,2001,8.301264,Mexico
MX,2002,7.078727,Mexico
MX,2003,5.803653,Mexico
MX,2004,3.669792,Mexico
MX,2005,2.398094328,Mexico
MX,2006,1.270406,Mexico
MX,2007,3.720224588,Mexico
MX,2008,3.904446,Mexico
MX,2009,5.59969445,Mexico
MX,2010,1.264860182,Mexico
MX,2011,0.825981,Mexico
MX,2012,1.577921,Mexico
MX,2013,1.340684,Mexico
MX,2014,4.584355674,Mexico
MX,2015,2.391347,Mexico
MX,2016,1.67,Mexico
MY,2000,0.589026,Malaysia
MY,2001,1.308276,Malaysia
MY,2002,0.198506,Malaysia
MY,2003,2.906848,Malaysia
MY,2004,0.914629282,Malaysia
MY,2005,1.917338846,Malaysia
MY,2006,0.754036,Malaysia
MY,2007,2.228482341,Malaysia
MY,2008,3.012589,Malaysia
MY,2009,2.611182,Malaysia
MY,2010,4.11252,Malaysia
MY,2011,15.74915469,Malaysia
MY,2012,2.313092782,Malaysia
MY,2013,5.142228488,Malaysia
MY,2014,14.46364925,Malaysia
MY,2015,2.836498558,Malaysia
MY,2016,2.990541426,Malaysia
MZ,2000,160.1417714,Mozambique
MZ,2001,115.2993206,Mozambique
MZ,2002,22.421405,Mozambique
MZ,2003,9.932285167,Mozambique
MZ,2004,19.39137694,Mozambique
MZ,2005,11.06301388,Mozambique
MZ,2006,9.722591039,Mozambique
MZ,2007,29.55473506,Mozambique
MZ,2008,43.57359276,Mozambique
MZ,2009,32.28854643,Mozambique
MZ,2010,21.90534639,Mozambique
MZ,2011,22.64975485,Mozambique
MZ,2012,23.84210774,Mozambique
MZ,2013,40.14747691,Mozambique
MZ,2014,21.76347943,Mozambique
MZ,2015,39.64677779,Mozambique
MZ,2016,69.882433,Mozambique
NA,2000,4.570507,Namibia
NA,2001,4.214678,Namibia
NA,2002,6.696738,Namibia
NA,2003,5.304743,Namibia
NA,2004,5.941471,Namibia
NA,2005,1.375464,Namibia
NA,2006,2.360301061,Namibia
NA,2007,1.070999829,Namibia
NA,2008,3.659536676,Namibia
NA,2009,4.180443705,Namibia
NA,2010,1.728161,Namibia
NA,2011,6.556823787,Namibia
NA,2012,4.766638794,Namibia
NA,2013,5.25179765,Namibia
NA,2014,2.396484048,Namibia
NA,2015,1.630015923,Namibia
NA,2016,0.231618489,Namibia
NC,2000,0,New Caledonia
NC,2001,0,New Caledonia
NC,2002,0,New Caledonia
NC,2003,0.346834787,New Caledonia
NC,2004,0,New Caledonia
NC,2005,0,New Caledonia
NC,2006,0,New Caledonia
NC,2007,0,New Caledonia
NC,2008,0,New Caledonia
NC,2009,0,New Caledonia
NC,2010,0,New Caledonia
NC,2011,0,New Caledonia
NC,2012,0,New Caledonia
NC,2013,0,New Caledonia
NC,2014,0,New Caledonia
NC,2015,0,New Caledonia
NC,2016,0,New Caledonia
NE,2000,1.496793,Niger
NE,2001,6.366115,Niger
NE,2002,3.564464694,Niger
NE,2003,1.949432,Niger
NE,2004,1.195714774,Niger
NE,2005,93.06998854,Niger
NE,2006,64.03124126,Niger
NE,2007,27.51789635,Niger
NE,2008,38.3848293,Niger
NE,2009,35.64056157,Niger
NE,2010,225.7731289,Niger
NE,2011,168.1147377,Niger
NE,2012,270.0281735,Niger
NE,2013,197.9880586,Niger
NE,2014,193.3267497,Niger
NE,2015,204.4499088,Niger
NE,2016,166.4988546,Niger
NG,2000,3.092329,Nigeria
NG,2001,6.945343,Nigeria
NG,2002,8.715094413,Nigeria
NG,2003,16.633488,Nigeria
NG,2004,17.349031,Nigeria
NG,2005,10.739304,Nigeria
NG,2006,2.909936,Nigeria
NG,2007,2.394161,Nigeria
NG,2008,4.235027,Nigeria
NG,2009,6.334776994,Nigeria
NG,2010,11.70113262,Nigeria
NG,2011,16.92980191,Nigeria
NG,2012,18.91023234,Nigeria
NG,2013,26.75988069,Nigeria
NG,2014,47.33516132,Nigeria
NG,2015,104.2626137,Nigeria
NG,2016,284.4339472,Nigeria
NI,2000,28.68607,Nicaragua
NI,2001,22.456057,Nicaragua
NI,2002,33.560636,Nicaragua
NI,2003,13.325884,Nicaragua
NI,2004,25.430601,Nicaragua
NI,2005,22.763079,Nicaragua
NI,2006,25.7917843,Nicaragua
NI,2007,31.93871173,Nicaragua
NI,2008,24.740984,Nicaragua
NI,2009,13.86568375,Nicaragua
NI,2010,12.49211204,Nicaragua
NI,2011,13.89419837,Nicaragua
NI,2012,13.7178291,Nicaragua
NI,2013,12.94327413,Nicaragua
NI,2014,11.830346,Nicaragua
NI,2015,10.695526,Nicaragua
NI,2016,8.342116,Nicaragua
NP,2000,9.038987,Nepal
NP,2001,16.495031,Nepal
NP,2002,27.132725,Nepal
NP,2003,17.457392,Nepal
NP,2004,24.12623202,Nepal
NP,2005,28.17237804,Nepal
NP,2006,38.78299603,Nepal
NP,2007,52.92832304,Nepal
NP,2008,72.06168601,Nepal
NP,2009,66.69244545,Nepal
NP,2010,27.18337811,Nepal
NP,2011,51.01390394,Nepal
NP,2012,41.81970418,Nepal
NP,2013,27.47121965,Nepal
NP,2014,18.09675595,Nepal
NP,2015,467.5381082,Nepal
NP,2016,158.1975794,Nepal
NR,2000,0,Nauru
NR,2001,0,Nauru
NR,2002,0,Nauru
NR,2003,0.026319,Nauru
NR,2004,0,Nauru
NR,2005,0.050643,Nauru
NR,2006,0,Nauru
NR,2007,0.317041,Nauru
NR,2008,0.041603,Nauru
NR,2009,0.238905,Nauru
NR,2010,0.793143,Nauru
NR,2011,0.050416993,Nauru
NR,2012,1.220308,Nauru
NR,2013,0.266010892,Nauru
NR,2014,6.2445E-07,Nauru
NR,2015,0.030368293,Nauru
NR,2016,0.040011129,Nauru
NU,2000,0.02196,Niue
NU,2001,0.045462,Niue
NU,2002,0,Niue
NU,2003,0,Niue
NU,2004,6.962911589,Niue
NU,2005,0.276249,Niue
NU,2006,0,Niue
NU,2007,0,Niue
NU,2008,0,Niue
NU,2009,0.009385,Niue
NU,2010,0.784839,Niue
NU,2011,0.050413394,Niue
NU,2012,0.015180242,Niue
NU,2013,0.035827824,Niue
NU,2014,6.2445E-07,Niue
NU,2015,0.03360872,Niue
NU,2016,0.010043514,Niue
NZ,2000,0,New Zealand
NZ,2001,0,New Zealand
NZ,2002,0,New Zealand
NZ,2003,0,New Zealand
NZ,2004,0,New Zealand
NZ,2005,0,New Zealand
NZ,2006,0,New Zealand
NZ,2007,0,New Zealand
NZ,2008,0,New Zealand
NZ,2009,0,New Zealand
NZ,2010,0,New Zealand
NZ,2011,8.667925281,New Zealand
NZ,2012,0,New Zealand
NZ,2013,0,New Zealand
NZ,2014,0,New Zealand
NZ,2015,0,New Zealand
NZ,2016,0,New Zealand
OM,2000,0,Oman
OM,2001,0.03991,Oman
OM,2002,0.026204,Oman
OM,2003,0,Oman
OM,2004,0,Oman
OM,2005,0,Oman
OM,2006,0,Oman
OM,2007,0.823068934,Oman
OM,2008,0,Oman
OM,2009,0,Oman
OM,2010,0,Oman
OM,2011,0,Oman
OM,2012,0.026919815,Oman
OM,2013,0,Oman
OM,2014,0,Oman
OM,2015,0.006760222,Oman
OM,2016,0,Oman
PA,2000,0.151701,Panama
PA,2001,0.343565,Panama
PA,2002,0.657193,Panama
PA,2003,0.493619,Panama
PA,2004,0.736865,Panama
PA,2005,0.536332,Panama
PA,2006,0.180153419,Panama
PA,2007,0.382288,Panama
PA,2008,1.551452,Panama
PA,2009,1.777909,Panama
PA,2010,2.651339,Panama
PA,2011,2.89307,Panama
PA,2012,3.746138911,Panama
PA,2013,3.844158,Panama
PA,2014,0.886192,Panama
PA,2015,1.666678908,Panama
PA,2016,10.657292,Panama
PE,2000,2.746969,Peru
PE,2001,31.50382123,Peru
PE,2002,17.427985,Peru
PE,2003,7.908585,Peru
PE,2004,8.112146,Peru
PE,2005,4.042067,Peru
PE,2006,3.644375,Peru
PE,2007,49.5569433,Peru
PE,2008,27.501672,Peru
PE,2009,12.872819,Peru
PE,2010,11.41475215,Peru
PE,2011,21.634353,Peru
PE,2012,8.018714625,Peru
PE,2013,16.73428,Peru
PE,2014,11.648311,Peru
PE,2015,7.961038635,Peru
PE,2016,11.650385,Peru
PF,2000,0,French Polynesia
PF,2001,0,French Polynesia
PF,2002,0,French Polynesia
PF,2003,0,French Polynesia
PF,2004,0,French Polynesia
PF,2005,0,French Polynesia
PF,2006,0,French Polynesia
PF,2007,0,French Polynesia
PF,2008,0,French Polynesia
PF,2009,0,French Polynesia
PF,2010,0.089169245,French Polynesia
PF,2011,0,French Polynesia
PF,2012,0,French Polynesia
PF,2013,0,French Polynesia
PF,2014,0,French Polynesia
PF,2015,0,French Polynesia
PF,2016,0,French Polynesia
PG,2000,0.258999,Papua New Guinea
PG,2001,0.683546,Papua New Guinea
PG,2002,1.031206036,Papua New Guinea
PG,2003,0,Papua New Guinea
PG,2004,1.367978311,Papua New Guinea
PG,2005,4.977366,Papua New Guinea
PG,2006,1.198325,Papua New Guinea
PG,2007,2.474739657,Papua New Guinea
PG,2008,4.491764692,Papua New Guinea
PG,2009,6.708934,Papua New Guinea
PG,2010,26.341127,Papua New Guinea
PG,2011,6.795026667,Papua New Guinea
PG,2012,3.731750468,Papua New Guinea
PG,2013,4.279490596,Papua New Guinea
PG,2014,8.383482448,Papua New Guinea
PG,2015,5.737997465,Papua New Guinea
PG,2016,17.24511898,Papua New Guinea
PH,2000,2.779815,Philippines
PH,2001,9.508271,Philippines
PH,2002,6.16418,Philippines
PH,2003,2.469693,Philippines
PH,2004,8.566572029,Philippines
PH,2005,8.003463252,Philippines
PH,2006,18.58810552,Philippines
PH,2007,15.88894565,Philippines
PH,2008,33.01769329,Philippines
PH,2009,78.55565389,Philippines
PH,2010,95.3815823,Philippines
PH,2011,101.0705322,Philippines
PH,2012,113.7158888,Philippines
PH,2013,435.4018079,Philippines
PH,2014,584.5709182,Philippines
PH,2015,318.2357237,Philippines
PH,2016,54.77530959,Philippines
PK,2000,43.66480309,Pakistan
PK,2001,71.80125061,Pakistan
PK,2002,57.731059,Pakistan
PK,2003,50.27104822,Pakistan
PK,2004,47.43797538,Pakistan
PK,2005,607.6333949,Pakistan
PK,2006,476.0237039,Pakistan
PK,2007,294.2001494,Pakistan
PK,2008,170.0890855,Pakistan
PK,2009,557.9034962,Pakistan
PK,2010,1977.621212,Pakistan
PK,2011,1630.699805,Pakistan
PK,2012,499.5225907,Pakistan
PK,2013,380.4012933,Pakistan
PK,2014,342.8810131,Pakistan
PK,2015,248.074279,Pakistan
PK,2016,249.0455012,Pakistan
PL,2000,0,Poland
PL,2001,20.94661578,Poland
PL,2002,0.036098203,Poland
PL,2003,0,Poland
PL,2004,0,Poland
PL,2005,0,Poland
PL,2006,0,Poland
PL,2007,0,Poland
PL,2008,0,Poland
PL,2009,0.303899861,Poland
PL,2010,0.158017407,Poland
PL,2011,0,Poland
PL,2012,0,Poland
PL,2013,0,Poland
PL,2014,0,Poland
PL,2015,0,Poland
PL,2016,0,Poland
PR,2000,0,Puerto Rico
PR,2001,0,Puerto Rico
PR,2002,0,Puerto Rico
PR,2003,0,Puerto Rico
PR,2004,0,Puerto Rico
PR,2005,0,Puerto Rico
PR,2006,0,Puerto Rico
PR,2007,0,Puerto Rico
PR,2008,0,Puerto Rico
PR,2009,0,Puerto Rico
PR,2010,0,Puerto Rico
PR,2011,0,Puerto Rico
PR,2012,0,Puerto Rico
PR,2013,0,Puerto Rico
PR,2014,0,Puerto Rico
PR,2015,0,Puerto Rico
PR,2016,0,Puerto Rico
PS,2000,246.5871716,Palestine
PS,2001,1556.159698,Palestine
PS,2002,431.3037754,Palestine
PS,2003,442.1702375,Palestine
PS,2004,681.1506922,Palestine
PS,2005,351.631157,Palestine
PS,2006,531.6914927,Palestine
PS,2007,550.6238992,Palestine
PS,2008,555.5219132,Palestine
PS,2009,1077.171615,Palestine
PS,2010,588.1686632,Palestine
PS,2011,855.4186561,Palestine
PS,2012,605.7355815,Palestine
PS,2013,772.866901,Palestine
PS,2014,1004.179845,Palestine
PS,2015,883.5982261,Palestine
PS,2016,1146.240056,Palestine
PT,2000,0,Portugal
PT,2001,0,Portugal
PT,2002,0,Portugal
PT,2003,1.200870099,Portugal
PT,2004,0,Portugal
PT,2005,0.485647337,Portugal
PT,2006,0,Portugal
PT,2007,0,Portugal
PT,2008,0,Portugal
PT,2009,0,Portugal
PT,2010,0.055035759,Portugal
PT,2011,0,Portugal
PT,2012,0,Portugal
PT,2013,0,Portugal
PT,2014,0,Portugal
PT,2015,0,Portugal
PT,2016,0.05,Portugal
PW,2000,0,Palau
PW,2001,0,Palau
PW,2002,0,Palau
PW,2003,0,Palau
PW,2004,0,Palau
PW,2005,0.050643,Palau
PW,2006,0.364294,Palau
PW,2007,0,Palau
PW,2008,0.049924,Palau
PW,2009,0.281567,Palau
PW,2010,0,Palau
PW,2011,0.050409796,Palau
PW,2012,2.905143209,Palau
PW,2013,0.232958135,Palau
PW,2014,0.186543166,Palau
PW,2015,0.09113258,Palau
PW,2016,0.440032386,Palau
PY,2000,0.462812,Paraguay
PY,2001,0.883155,Paraguay
PY,2002,1.422259,Paraguay
PY,2003,0.345697,Paraguay
PY,2004,0.386215,Paraguay
PY,2005,0.043731,Paraguay
PY,2006,0.279574,Paraguay
PY,2007,2.379675,Paraguay
PY,2008,3.290257,Paraguay
PY,2009,1.724893,Paraguay
PY,2010,0.634169,Paraguay
PY,2011,1.249751,Paraguay
PY,2012,4.675186418,Paraguay
PY,2013,3.954718387,Paraguay
PY,2014,4.298971788,Paraguay
PY,2015,2.758069,Paraguay
PY,2016,3.558899,Paraguay
QA,2000,0,Qatar
QA,2001,0,Qatar
QA,2002,0,Qatar
QA,2003,0,Qatar
QA,2004,0,Qatar
QA,2005,0,Qatar
QA,2006,0,Qatar
QA,2007,0,Qatar
QA,2008,0,Qatar
QA,2009,0,Qatar
QA,2010,0,Qatar
QA,2011,0,Qatar
QA,2012,0,Qatar
QA,2013,0,Qatar
QA,2014,0,Qatar
QA,2015,0,Qatar
QA,2016,0,Qatar
RO,2000,0.82600606,Romania
RO,2001,0.093872131,Romania
RO,2002,0.371910575,Romania
RO,2003,0.06241728,Romania
RO,2004,0.180024891,Romania
RO,2005,4.883654555,Romania
RO,2006,1.064619373,Romania
RO,2007,0.072926418,Romania
RO,2008,0.506638545,Romania
RO,2009,0.090376846,Romania
RO,2010,0.122064988,Romania
RO,2011,0,Romania
RO,2012,0.071261496,Romania
RO,2013,0,Romania
RO,2014,0.11280065,Romania
RO,2015,0,Romania
RO,2016,0,Romania
RS,2000,634.6154195,Serbia
RS,2001,283.003121,Serbia
RS,2002,103.806314,Serbia
RS,2003,117.355801,Serbia
RS,2004,120.000286,Serbia
RS,2005,37.958998,Serbia
RS,2006,28.265707,Serbia
RS,2007,26.036802,Serbia
RS,2008,21.22829267,Serbia
RS,2009,15.50407646,Serbia
RS,2010,14.47964512,Serbia
RS,2011,21.9107409,Serbia
RS,2012,13.21539087,Serbia
RS,2013,9.933827883,Serbia
RS,2014,43.54638059,Serbia
RS,2015,21.16728412,Serbia
RS,2016,32.16636047,Serbia
RU,2000,0.009086549,Russian Federation
RU,2001,128.0617754,Russian Federation
RU,2002,94.70438833,Russian Federation
RU,2003,80.5567922,Russian Federation
RU,2004,79.65961401,Russian Federation
RU,2005,68.78059777,Russian Federation
RU,2006,79.3124411,Russian Federation
RU,2007,65.77840523,Russian Federation
RU,2008,19.14547867,Russian Federation
RU,2009,8.304659257,Russian Federation
RU,2010,5.063857921,Russian Federation
RU,2011,0,Russian Federation
RU,2012,1.924569214,Russian Federation
RU,2013,0.370409026,Russian Federation
RU,2014,9.368767389,Russian Federation
RU,2015,2.460350673,Russian Federation
RU,2016,0,Russian Federation
RW,2000,31.88145573,Rwanda
RW,2001,23.573032,Rwanda
RW,2002,28.779503,Rwanda
RW,2003,20.788055,Rwanda
RW,2004,42.624645,Rwanda
RW,2005,34.848454,Rwanda
RW,2006,20.126641,Rwanda
RW,2007,13.00159438,Rwanda
RW,2008,13.12158779,Rwanda
RW,2009,17.659431,Rwanda
RW,2010,11.460004,Rwanda
RW,2011,22.90301104,Rwanda
RW,2012,28.29245537,Rwanda
RW,2013,38.36634947,Rwanda
RW,2014,18.61144642,Rwanda
RW,2015,38.23147398,Rwanda
RW,2016,48.70210517,Rwanda
SA,2000,1.262942,Saudi Arabia
SA,2001,1.827766,Saudi Arabia
SA,2002,2.539605,Saudi Arabia
SA,2003,1.52315,Saudi Arabia
SA,2004,1.967901,Saudi Arabia
SA,2005,1.027409,Saudi Arabia
SA,2006,0.922587,Saudi Arabia
SA,2007,0.720316,Saudi Arabia
SA,2008,0.164628914,Saudi Arabia
SA,2009,0,Saudi Arabia
SA,2010,0,Saudi Arabia
SA,2011,0,Saudi Arabia
SA,2012,0,Saudi Arabia
SA,2013,0,Saudi Arabia
SA,2014,0,Saudi Arabia
SA,2015,0.001012758,Saudi Arabia
SA,2016,0,Saudi Arabia
SB,2000,1.901481,Solomon Islands
SB,2001,0.560642,Solomon Islands
SB,2002,0,Solomon Islands
SB,2003,0.800313842,Solomon Islands
SB,2004,6.640742,Solomon Islands
SB,2005,1.721863,Solomon Islands
SB,2006,0.089716,Solomon Islands
SB,2007,4.642730476,Solomon Islands
SB,2008,2.698472,Solomon Islands
SB,2009,0.935427,Solomon Islands
SB,2010,15.68433543,Solomon Islands
SB,2011,2.058279657,Solomon Islands
SB,2012,0.927758662,Solomon Islands
SB,2013,6.798794475,Solomon Islands
SB,2014,10.46398057,Solomon Islands
SB,2015,2.984003433,Solomon Islands
SB,2016,3.217284723,Solomon Islands
SC,2000,0,Seychelles
SC,2001,0,Seychelles
SC,2002,0,Seychelles
SC,2003,0,Seychelles
SC,2004,0.483143357,Seychelles
SC,2005,1.982998202,Seychelles
SC,2006,0.562601,Seychelles
SC,2007,0.316392,Seychelles
SC,2008,0,Seychelles
SC,2009,0.085323,Seychelles
SC,2010,0.090705,Seychelles
SC,2011,0.51084492,Seychelles
SC,2012,1.200679364,Seychelles
SC,2013,0.076424663,Seychelles
SC,2014,0.009974074,Seychelles
SC,2015,0.020459633,Seychelles
SC,2016,0.000725611,Seychelles
SD,2000,122.4851615,Sudan
SD,2001,146.7347415,Sudan
SD,2002,249.290937,Sudan
SD,2003,359.2431124,Sudan
SD,2004,904.0214517,Sudan
SD,2005,1370.755858,Sudan
SD,2006,1304.994615,Sudan
SD,2007,1312.954109,Sudan
SD,2008,1443.674152,Sudan
SD,2009,1364.924689,Sudan
SD,2010,917.3104936,Sudan
SD,2011,852.8039773,Sudan
SD,2012,660.9746992,Sudan
SD,2013,1045.954891,Sudan
SD,2014,501.1258813,Sudan
SD,2015,500.2727607,Sudan
SD,2016,445.9519075,Sudan
SE,2000,0,Sweden
SE,2001,0.066514169,Sweden
SE,2002,0,Sweden
SE,2003,0,Sweden
SE,2004,0,Sweden
SE,2005,0.040211112,Sweden
SE,2006,0,Sweden
SE,2007,0,Sweden
SE,2008,0,Sweden
SE,2009,0,Sweden
SE,2010,0,Sweden
SE,2011,0,Sweden
SE,2012,0,Sweden
SE,2013,0,Sweden
SE,2014,0,Sweden
SE,2015,0,Sweden
SE,2016,0,Sweden
SG,2000,0,Singapore
SG,2001,0,Singapore
SG,2002,0.012833724,Singapore
SG,2003,0,Singapore
SG,2004,0,Singapore
SG,2005,0,Singapore
SG,2006,0.005665714,Singapore
SG,2007,0,Singapore
SG,2008,0,Singapore
SG,2009,0,Singapore
SG,2010,0,Singapore
SG,2011,0,Singapore
SG,2012,0,Singapore
SG,2013,0,Singapore
SG,2014,0,Singapore
SG,2015,0,Singapore
SG,2016,0,Singapore
SH,2000,0,"Saint Helena, Ascension & Tristan da Cunha"
SH,2001,0,"Saint Helena, Ascension & Tristan da Cunha"
SH,2002,0,"Saint Helena, Ascension & Tristan da Cunha"
SH,2003,0.116983,"Saint Helena, Ascension & Tristan da Cunha"
SH,2004,0.037005,"Saint Helena, Ascension & Tristan da Cunha"
SH,2005,0.036335,"Saint Helena, Ascension & Tristan da Cunha"
SH,2006,0.078447,"Saint Helena, Ascension & Tristan da Cunha"
SH,2007,0,"Saint Helena, Ascension & Tristan da Cunha"
SH,2008,0,"Saint Helena, Ascension & Tristan da Cunha"
SH,2009,3.707932,"Saint Helena, Ascension & Tristan da Cunha"
SH,2010,0.697447,"Saint Helena, Ascension & Tristan da Cunha"
SH,2011,3.59854E-05,"Saint Helena, Ascension & Tristan da Cunha"
SH,2012,0,"Saint Helena, Ascension & Tristan da Cunha"
SH,2013,-4.03281E-08,"Saint Helena, Ascension & Tristan da Cunha"
SH,2014,0,"Saint Helena, Ascension & Tristan da Cunha"
SH,2015,0.000212153,"Saint Helena, Ascension & Tristan da Cunha"
SH,2016,1.11285E-05,"Saint Helena, Ascension & Tristan da Cunha"
SI,2000,1.511848,Slovenia
SI,2001,1.933691,Slovenia
SI,2002,0.899428,Slovenia
SI,2003,0,Slovenia
SI,2004,0,Slovenia
SI,2005,0,Slovenia
SI,2006,0,Slovenia
SI,2007,0.057232114,Slovenia
SI,2008,0,Slovenia
SI,2009,0,Slovenia
SI,2010,0,Slovenia
SI,2011,0,Slovenia
SI,2012,0,Slovenia
SI,2013,0,Slovenia
SI,2014,0.102374072,Slovenia
SI,2015,0,Slovenia
SI,2016,1.290807,Slovenia
SK,2000,0,Slovakia
SK,2001,0,Slovakia
SK,2002,0.065508503,Slovakia
SK,2003,1.112493657,Slovakia
SK,2004,1.252208142,Slovakia
SK,2005,0,Slovakia
SK,2006,0,Slovakia
SK,2007,0,Slovakia
SK,2008,0,Slovakia
SK,2009,0,Slovakia
SK,2010,0,Slovakia
SK,2011,0,Slovakia
SK,2012,0,Slovakia
SK,2013,0,Slovakia
SK,2014,0.187163895,Slovakia
SK,2015,0.074437716,Slovakia
SK,2016,0,Slovakia
SL,2000,51.08419981,Sierra Leone
SL,2001,129.5095048,Sierra Leone
SL,2002,162.9177015,Sierra Leone
SL,2003,119.8701186,Sierra Leone
SL,2004,76.87223832,Sierra Leone
SL,2005,37.86024862,Sierra Leone
SL,2006,33.90189495,Sierra Leone
SL,2007,24.88750905,Sierra Leone
SL,2008,16.9302737,Sierra Leone
SL,2009,6.523359,Sierra Leone
SL,2010,7.040258,Sierra Leone
SL,2011,13.64798523,Sierra Leone
SL,2012,18.51611602,Sierra Leone
SL,2013,11.87565571,Sierra Leone
SL,2014,342.4156658,Sierra Leone
SL,2015,382.7165954,Sierra Leone
SL,2016,148.5419658,Sierra Leone
SN,2000,1.559938,Senegal
SN,2001,2.499486,Senegal
SN,2002,6.550238,Senegal
SN,2003,7.218847,Senegal
SN,2004,8.281687664,Senegal
SN,2005,5.078996,Senegal
SN,2006,4.35468108,Senegal
SN,2007,3.822283136,Senegal
SN,2008,18.08353722,Senegal
SN,2009,11.0323114,Senegal
SN,2010,9.828390001,Senegal
SN,2011,7.578890361,Senegal
SN,2012,48.61864499,Senegal
SN,2013,43.99094914,Senegal
SN,2014,25.97632624,Senegal
SN,2015,39.4455226,Senegal
SN,2016,19.00716403,Senegal
SO,2000,75.91066439,Somalia
SO,2001,92.5804141,Somalia
SO,2002,122.877828,Somalia
SO,2003,125.0667937,Somalia
SO,2004,143.3511309,Somalia
SO,2005,175.6511895,Somalia
SO,2006,293.8402106,Somalia
SO,2007,235.6466563,Somalia
SO,2008,585.1024534,Somalia
SO,2009,493.0287876,Somalia
SO,2010,236.2058925,Somalia
SO,2011,1025.873764,Somalia
SO,2012,562.7921277,Somalia
SO,2013,515.3520694,Somalia
SO,2014,454.0862439,Somalia
SO,2015,423.0914371,Somalia
SO,2016,489.3576826,Somalia
SR,2000,0,Suriname
SR,2001,0.121831,Suriname
SR,2002,0,Suriname
SR,2003,0.039479,Suriname
SR,2004,0.035512,Suriname
SR,2005,0.043731,Suriname
SR,2006,5.070852664,Suriname
SR,2007,0.498754,Suriname
SR,2008,0.424355,Suriname
SR,2009,0.01476917,Suriname
SR,2010,0.008912,Suriname
SR,2011,0.109198,Suriname
SR,2012,0.06281,Suriname
SR,2013,0.129467,Suriname
SR,2014,0.018472,Suriname
SR,2015,0.053635,Suriname
SR,2016,0.05,Suriname
SS,2000,0,South Sudan
SS,2001,0,South Sudan
SS,2002,0,South Sudan
SS,2003,0,South Sudan
SS,2004,0,South Sudan
SS,2005,0,South Sudan
SS,2006,0,South Sudan
SS,2007,0,South Sudan
SS,2008,0,South Sudan
SS,2009,0,South Sudan
SS,2010,0,South Sudan
SS,2011,214.8705972,South Sudan
SS,2012,651.5595617,South Sudan
SS,2013,677.8662815,South Sudan
SS,2014,1427.105247,South Sudan
SS,2015,1027.174976,South Sudan
SS,2016,1085.043308,South Sudan
ST,2000,0,Sao Tome & Principe
ST,2001,0,Sao Tome & Principe
ST,2002,0,Sao Tome & Principe
ST,2003,0,Sao Tome & Principe
ST,2004,0.02665,Sao Tome & Principe
ST,2005,0.455212604,Sao Tome & Principe
ST,2006,0.071661454,Sao Tome & Principe
ST,2007,1.175836151,Sao Tome & Principe
ST,2008,0.831193335,Sao Tome & Principe
ST,2009,0.009556,Sao Tome & Principe
ST,2010,0.018638,Sao Tome & Principe
ST,2011,0.035050102,Sao Tome & Principe
ST,2012,-3.82234E-07,Sao Tome & Principe
ST,2013,0.008970718,Sao Tome & Principe
ST,2014,0.062114734,Sao Tome & Principe
ST,2015,0.117245812,Sao Tome & Principe
ST,2016,0.029814153,Sao Tome & Principe
SV,2000,7.231143,El Salvador
SV,2001,73.65930878,El Salvador
SV,2002,10.70406703,El Salvador
SV,2003,6.406582,El Salvador
SV,2004,26.195292,El Salvador
SV,2005,49.14023804,El Salvador
SV,2006,12.69090676,El Salvador
SV,2007,9.189421,El Salvador
SV,2008,5.245939,El Salvador
SV,2009,19.34039753,El Salvador
SV,2010,22.91911469,El Salvador
SV,2011,11.38914936,El Salvador
SV,2012,9.988552,El Salvador
SV,2013,15.583547,El Salvador
SV,2014,13.32633855,El Salvador
SV,2015,13.25964384,El Salvador
SV,2016,12.057823,El Salvador
SX,2000,0,Sint Maarten (Dutch part)
SX,2001,0,Sint Maarten (Dutch part)
SX,2002,0,Sint Maarten (Dutch part)
SX,2003,0,Sint Maarten (Dutch part)
SX,2004,0,Sint Maarten (Dutch part)
SX,2005,0,Sint Maarten (Dutch part)
SX,2006,0,Sint Maarten (Dutch part)
SX,2007,0,Sint Maarten (Dutch part)
SX,2008,0,Sint Maarten (Dutch part)
SX,2009,0,Sint Maarten (Dutch part)
SX,2010,0,Sint Maarten (Dutch part)
SX,2011,0,Sint Maarten (Dutch part)
SX,2012,0,Sint Maarten (Dutch part)
SX,2013,0,Sint Maarten (Dutch part)
SX,2014,0,Sint Maarten (Dutch part)
SX,2015,0,Sint Maarten (Dutch part)
SX,2016,0,Sint Maarten (Dutch part)
SY,2000,37.93405366,Syria
SY,2001,40.95909565,Syria
SY,2002,44.37102498,Syria
SY,2003,45.45527062,Syria
SY,2004,39.97254,Syria
SY,2005,36.946621,Syria
SY,2006,31.38049809,Syria
SY,2007,36.93917,Syria
SY,2008,82.41748038,Syria
SY,2009,169.500012,Syria
SY,2010,118.9457346,Syria
SY,2011,100.0064429,Syria
SY,2012,686.9861356,Syria
SY,2013,1920.980643,Syria
SY,2014,1590.02211,Syria
SY,2015,2100.931386,Syria
SY,2016,2579.368331,Syria
SZ,2000,0.407921,Swaziland
SZ,2001,0.343565,Swaziland
SZ,2002,2.439215188,Swaziland
SZ,2003,1.563359516,Swaziland
SZ,2004,2.512471306,Swaziland
SZ,2005,3.974216,Swaziland
SZ,2006,0.464325,Swaziland
SZ,2007,5.317805707,Swaziland
SZ,2008,2.003194,Swaziland
SZ,2009,1.660541204,Swaziland
SZ,2010,2.440264235,Swaziland
SZ,2011,2.558469869,Swaziland
SZ,2012,2.377896695,Swaziland
SZ,2013,2.271759056,Swaziland
SZ,2014,12.75981943,Swaziland
SZ,2015,2.082711126,Swaziland
SZ,2016,7.551565338,Swaziland
TC,2000,0,Turks & Caicos Islands
TC,2001,0,Turks & Caicos Islands
TC,2002,0,Turks & Caicos Islands
TC,2003,0,Turks & Caicos Islands
TC,2004,0,Turks & Caicos Islands
TC,2005,0.065596,Turks & Caicos Islands
TC,2006,0.009974,Turks & Caicos Islands
TC,2007,0.491507,Turks & Caicos Islands
TC,2008,0.187214319,Turks & Caicos Islands
TC,2009,0,Turks & Caicos Islands
TC,2010,0,Turks & Caicos Islands
TC,2011,0,Turks & Caicos Islands
TC,2012,0,Turks & Caicos Islands
TC,2013,0,Turks & Caicos Islands
TC,2014,0,Turks & Caicos Islands
TC,2015,0,Turks & Caicos Islands
TC,2016,0,Turks & Caicos Islands
TD,2000,3.216637,Chad
TD,2001,4.138039479,Chad
TD,2002,1.757251,Chad
TD,2003,5.525456086,Chad
TD,2004,102.7089855,Chad
TD,2005,117.4481608,Chad
TD,2006,94.98229751,Chad
TD,2007,168.2784519,Chad
TD,2008,229.5555366,Chad
TD,2009,315.3633406,Chad
TD,2010,278.7161877,Chad
TD,2011,248.2714161,Chad
TD,2012,305.9079605,Chad
TD,2013,214.5355679,Chad
TD,2014,188.1724983,Chad
TD,2015,217.2395872,Chad
TD,2016,185.5599754,Chad
TG,2000,0.993307,Togo
TG,2001,1.884156,Togo
TG,2002,2.36921,Togo
TG,2003,2.396126,Togo
TG,2004,1.423642,Togo
TG,2005,3.773506,Togo
TG,2006,0.787195,Togo
TG,2007,3.036953028,Togo
TG,2008,6.680199059,Togo
TG,2009,1.363879114,Togo
TG,2010,4.416325569,Togo
TG,2011,2.550317808,Togo
TG,2012,7.852463633,Togo
TG,2013,1.165156582,Togo
TG,2014,1.154996607,Togo
TG,2015,2.883264126,Togo
TG,2016,0.750919695,Togo
TH,2000,19.722856,Thailand
TH,2001,26.224423,Thailand
TH,2002,28.554701,Thailand
TH,2003,23.749621,Thailand
TH,2004,20.19882821,Thailand
TH,2005,52.70776877,Thailand
TH,2006,34.20494744,Thailand
TH,2007,49.874885,Thailand
TH,2008,43.356269,Thailand
TH,2009,31.59694261,Thailand
TH,2010,50.41549654,Thailand
TH,2011,68.75581357,Thailand
TH,2012,77.46564626,Thailand
TH,2013,60.62589407,Thailand
TH,2014,50.72184826,Thailand
TH,2015,69.3623911,Thailand
TH,2016,44.38868646,Thailand
TJ,2000,30.33068514,Tajikistan
TJ,2001,35.72214464,Tajikistan
TJ,2002,63.25867112,Tajikistan
TJ,2003,38.24452453,Tajikistan
TJ,2004,27.77119839,Tajikistan
TJ,2005,16.614567,Tajikistan
TJ,2006,24.43477069,Tajikistan
TJ,2007,12.01838157,Tajikistan
TJ,2008,40.76397796,Tajikistan
TJ,2009,36.76092984,Tajikistan
TJ,2010,21.92081237,Tajikistan
TJ,2011,8.88294962,Tajikistan
TJ,2012,17.61972528,Tajikistan
TJ,2013,4.637613183,Tajikistan
TJ,2014,6.623797995,Tajikistan
TJ,2015,10.15282328,Tajikistan
TJ,2016,20.69157777,Tajikistan
TK,2000,0,Tokelau
TK,2001,0,Tokelau
TK,2002,0,Tokelau
TK,2003,0,Tokelau
TK,2004,0.136419,Tokelau
TK,2005,0.90344,Tokelau
TK,2006,0,Tokelau
TK,2007,0,Tokelau
TK,2008,0,Tokelau
TK,2009,0,Tokelau
TK,2010,0,Tokelau
TK,2011,0.115382993,Tokelau
TK,2012,0.009220725,Tokelau
TK,2013,0.008581135,Tokelau
TK,2014,1.16593E-06,Tokelau
TK,2015,0.009757293,Tokelau
TK,2016,0.0583979,Tokelau
TL,2000,139.462883,Timor-Leste
TL,2001,26.243447,Timor-Leste
TL,2002,28.131685,Timor-Leste
TL,2003,7.989829,Timor-Leste
TL,2004,3.122762,Timor-Leste
TL,2005,4.415574,Timor-Leste
TL,2006,22.29869749,Timor-Leste
TL,2007,16.33817038,Timor-Leste
TL,2008,12.97845406,Timor-Leste
TL,2009,4.477604134,Timor-Leste
TL,2010,20.677099,Timor-Leste
TL,2011,5.832373226,Timor-Leste
TL,2012,0.487902674,Timor-Leste
TL,2013,2.752898191,Timor-Leste
TL,2014,2.280182879,Timor-Leste
TL,2015,3.14818173,Timor-Leste
TL,2016,5.012635674,Timor-Leste
TM,2000,1.120405,Turkmenistan
TM,2001,3.142529,Turkmenistan
TM,2002,1.412001,Turkmenistan
TM,2003,1.028334,Turkmenistan
TM,2004,1.257776,Turkmenistan
TM,2005,0.724699,Turkmenistan
TM,2006,0.481788,Turkmenistan
TM,2007,0.623419,Turkmenistan
TM,2008,0.704977,Turkmenistan
TM,2009,0.188021,Turkmenistan
TM,2010,0.436786,Turkmenistan
TM,2011,0.473888153,Turkmenistan
TM,2012,1.092034418,Turkmenistan
TM,2013,0.045359852,Turkmenistan
TM,2014,0.365925371,Turkmenistan
TM,2015,0.47471132,Turkmenistan
TM,2016,0.21811241,Turkmenistan
TN,2000,0.521476,Tunisia
TN,2001,0.6143,Tunisia
TN,2002,0.611945,Tunisia
TN,2003,0.813541,Tunisia
TN,2004,0.78394634,Tunisia
TN,2005,1.443901,Tunisia
TN,2006,0.461056,Tunisia
TN,2007,0.397493,Tunisia
TN,2008,0.346641,Tunisia
TN,2009,0.850688209,Tunisia
TN,2010,0.908102,Tunisia
TN,2011,42.50016331,Tunisia
TN,2012,10.1260349,Tunisia
TN,2013,8.017005718,Tunisia
TN,2014,5.439364242,Tunisia
TN,2015,4.823640699,Tunisia
TN,2016,4.644947582,Tunisia
TO,2000,0,Tonga
TO,2001,0,Tonga
TO,2002,0.609308009,Tonga
TO,2003,0,Tonga
TO,2004,0.013642,Tonga
TO,2005,0.063304,Tonga
TO,2006,0.390017,Tonga
TO,2007,-0.031549,Tonga
TO,2008,0.099848,Tonga
TO,2009,1.7532487,Tonga
TO,2010,0.8621,Tonga
TO,2011,1.034818511,Tonga
TO,2012,3.299434749,Tonga
TO,2013,1.074145488,Tonga
TO,2014,5.401962323,Tonga
TO,2015,7.168646219,Tonga
TO,2016,4.391121868,Tonga
TR,2000,58.902463,Turkey
TR,2001,35.136645,Turkey
TR,2002,33.72136149,Turkey
TR,2003,32.04079965,Turkey
TR,2004,27.482945,Turkey
TR,2005,21.968396,Turkey
TR,2006,8.633144,Turkey
TR,2007,11.569105,Turkey
TR,2008,11.914849,Turkey
TR,2009,20.61913362,Turkey
TR,2010,29.04875,Turkey
TR,2011,134.2588687,Turkey
TR,2012,142.7376622,Turkey
TR,2013,170.9782193,Turkey
TR,2014,245.5795392,Turkey
TR,2015,307.0068511,Turkey
TR,2016,911.0309354,Turkey
TT,2000,0,Trinidad & Tobago
TT,2001,0,Trinidad & Tobago
TT,2002,0,Trinidad & Tobago
TT,2003,0,Trinidad & Tobago
TT,2004,0,Trinidad & Tobago
TT,2005,0.065596,Trinidad & Tobago
TT,2006,0.01995516,Trinidad & Tobago
TT,2007,0.749829657,Trinidad & Tobago
TT,2008,0.016641,Trinidad & Tobago
TT,2009,0.232926,Trinidad & Tobago
TT,2010,0.081306,Trinidad & Tobago
TT,2011,0,Trinidad & Tobago
TT,2012,0,Trinidad & Tobago
TT,2013,0,Trinidad & Tobago
TT,2014,0,Trinidad & Tobago
TT,2015,0,Trinidad & Tobago
TT,2016,0,Trinidad & Tobago
TV,2000,0,Tuvalu
TV,2001,0,Tuvalu
TV,2002,0,Tuvalu
TV,2003,0,Tuvalu
TV,2004,0,Tuvalu
TV,2005,0.050643,Tuvalu
TV,2006,0,Tuvalu
TV,2007,0,Tuvalu
TV,2008,0.058245,Tuvalu
TV,2009,0.514524,Tuvalu
TV,2010,1.582442,Tuvalu
TV,2011,8.344638584,Tuvalu
TV,2012,1.276836484,Tuvalu
TV,2013,0.558480203,Tuvalu
TV,2014,0.208070166,Tuvalu
TV,2015,1.13220547,Tuvalu
TV,2016,0.540053771,Tuvalu
TW,2000,0,Taiwan
TW,2001,0,Taiwan
TW,2002,0,Taiwan
TW,2003,0,Taiwan
TW,2004,0,Taiwan
TW,2005,0,Taiwan
TW,2006,0,Taiwan
TW,2007,0,Taiwan
TW,2008,0,Taiwan
TW,2009,0,Taiwan
TW,2010,0,Taiwan
TW,2011,0,Taiwan
TW,2012,0,Taiwan
TW,2013,0,Taiwan
TW,2014,0,Taiwan
TW,2015,0,Taiwan
TW,2016,1.4,Taiwan
TZ,2000,75.701526,Tanzania
TZ,2001,83.11753761,Tanzania
TZ,2002,90.27699486,Tanzania
TZ,2003,108.853677,Tanzania
TZ,2004,70.98037587,Tanzania
TZ,2005,49.745965,Tanzania
TZ,2006,61.26877016,Tanzania
TZ,2007,49.0348181,Tanzania
TZ,2008,51.16632759,Tanzania
TZ,2009,48.67637186,Tanzania
TZ,2010,32.33888515,Tanzania
TZ,2011,41.84375275,Tanzania
TZ,2012,38.59919881,Tanzania
TZ,2013,34.68038955,Tanzania
TZ,2014,30.03448367,Tanzania
TZ,2015,65.94395296,Tanzania
TZ,2016,129.6134653,Tanzania
UA,2000,0.335004385,Ukraine
UA,2001,1.587038648,Ukraine
UA,2002,0.759575482,Ukraine
UA,2003,0,Ukraine
UA,2004,0.007521535,Ukraine
UA,2005,8.290360026,Ukraine
UA,2006,1.914152748,Ukraine
UA,2007,1.852273,Ukraine
UA,2008,4.633197232,Ukraine
UA,2009,3.072898349,Ukraine
UA,2010,1.774687466,Ukraine
UA,2011,5.952934401,Ukraine
UA,2012,4.381921725,Ukraine
UA,2013,0.546215027,Ukraine
UA,2014,59.82560164,Ukraine
UA,2015,288.8131426,Ukraine
UA,2016,182.963819,Ukraine
UG,2000,27.28081413,Uganda
UG,2001,30.62099209,Uganda
UG,2002,58.8574769,Uganda
UG,2003,126.1789997,Uganda
UG,2004,155.8624349,Uganda
UG,2005,176.5669755,Uganda
UG,2006,211.3705319,Uganda
UG,2007,211.454125,Uganda
UG,2008,226.4848054,Uganda
UG,2009,139.4500717,Uganda
UG,2010,93.50540797,Uganda
UG,2011,53.7526568,Uganda
UG,2012,68.10296524,Uganda
UG,2013,72.48412139,Uganda
UG,2014,92.26785349,Uganda
UG,2015,80.57938069,Uganda
UG,2016,158.7698797,Uganda
US,2000,0,USA
US,2001,0,USA
US,2002,0,USA
US,2003,0,USA
US,2004,0,USA
US,2005,0,USA
US,2006,0,USA
US,2007,0,USA
US,2008,0,USA
US,2009,0,USA
US,2010,0,USA
US,2011,0.092654634,USA
US,2012,0.135958662,USA
US,2013,0.001470422,USA
US,2014,0,USA
US,2015,0,USA
US,2016,0,USA
UY,2000,0.147662,Uruguay
UY,2001,0.044906,Uruguay
UY,2002,0,Uruguay
UY,2003,0.034646,Uruguay
UY,2004,0.061999,Uruguay
UY,2005,0.111223328,Uruguay
UY,2006,0.079789,Uruguay
UY,2007,0.315039,Uruguay
UY,2008,0,Uruguay
UY,2009,0.377112,Uruguay
UY,2010,0.749492,Uruguay
UY,2011,0.159171,Uruguay
UY,2012,0.01958,Uruguay
UY,2013,0.270769,Uruguay
UY,2014,0.016977,Uruguay
UY,2015,0.128796,Uruguay
UY,2016,0.709977,Uruguay
UZ,2000,1.496081881,Uzbekistan
UZ,2001,4.74437,Uzbekistan
UZ,2002,5.971199,Uzbekistan
UZ,2003,3.842786,Uzbekistan
UZ,2004,2.912133,Uzbekistan
UZ,2005,2.324552,Uzbekistan
UZ,2006,0.825889,Uzbekistan
UZ,2007,0.818653,Uzbekistan
UZ,2008,0.835248,Uzbekistan
UZ,2009,0.811155,Uzbekistan
UZ,2010,6.754720705,Uzbekistan
UZ,2011,1.331259314,Uzbekistan
UZ,2012,0.818355725,Uzbekistan
UZ,2013,0.380122163,Uzbekistan
UZ,2014,7.691583991,Uzbekistan
UZ,2015,0.286969053,Uzbekistan
UZ,2016,0.636684024,Uzbekistan
VC,2000,0,Saint Vincent & the Grenadines
VC,2001,0,Saint Vincent & the Grenadines
VC,2002,0,Saint Vincent & the Grenadines
VC,2003,0,Saint Vincent & the Grenadines
VC,2004,0.303468,Saint Vincent & the Grenadines
VC,2005,0.127208,Saint Vincent & the Grenadines
VC,2006,0.009974,Saint Vincent & the Grenadines
VC,2007,0.379189,Saint Vincent & the Grenadines
VC,2008,0.181226,Saint Vincent & the Grenadines
VC,2009,0.373811,Saint Vincent & the Grenadines
VC,2010,0.242778,Saint Vincent & the Grenadines
VC,2011,0.711547,Saint Vincent & the Grenadines
VC,2012,1.280624,Saint Vincent & the Grenadines
VC,2013,3.556864,Saint Vincent & the Grenadines
VC,2014,3.412849,Saint Vincent & the Grenadines
VC,2015,3.185757,Saint Vincent & the Grenadines
VC,2016,6.738881,Saint Vincent & the Grenadines
VE,2000,28.49437025,Venezuela
VE,2001,4.653308,Venezuela
VE,2002,3.2591,Venezuela
VE,2003,2.180596,Venezuela
VE,2004,4.966983,Venezuela
VE,2005,14.13293708,Venezuela
VE,2006,9.307852,Venezuela
VE,2007,11.928257,Venezuela
VE,2008,2.047994,Venezuela
VE,2009,2.286629,Venezuela
VE,2010,2.341166293,Venezuela
VE,2011,4.072765,Venezuela
VE,2012,3.624099,Venezuela
VE,2013,1.630442,Venezuela
VE,2014,2.097062,Venezuela
VE,2015,6.714772,Venezuela
VE,2016,7.696259,Venezuela
VG,2000,0,Virgin Islands (GB)
VG,2001,0,Virgin Islands (GB)
VG,2002,0,Virgin Islands (GB)
VG,2003,0,Virgin Islands (GB)
VG,2004,0,Virgin Islands (GB)
VG,2005,0,Virgin Islands (GB)
VG,2006,0,Virgin Islands (GB)
VG,2007,0,Virgin Islands (GB)
VG,2008,0,Virgin Islands (GB)
VG,2009,0,Virgin Islands (GB)
VG,2010,0,Virgin Islands (GB)
VG,2011,0,Virgin Islands (GB)
VG,2012,0,Virgin Islands (GB)
VG,2013,0,Virgin Islands (GB)
VG,2014,0,Virgin Islands (GB)
VG,2015,0,Virgin Islands (GB)
VG,2016,0,Virgin Islands (GB)
VN,2000,11.09452747,Viet Nam
VN,2001,11.31800064,Viet Nam
VN,2002,9.817934,Viet Nam
VN,2003,3.720742,Viet Nam
VN,2004,4.496621,Viet Nam
VN,2005,11.09918,Viet Nam
VN,2006,7.454008,Viet Nam
VN,2007,7.079222,Viet Nam
VN,2008,17.487542,Viet Nam
VN,2009,54.10433112,Viet Nam
VN,2010,30.13093667,Viet Nam
VN,2011,43.78576759,Viet Nam
VN,2012,44.2695119,Viet Nam
VN,2013,60.67283779,Viet Nam
VN,2014,16.86531655,Viet Nam
VN,2015,21.436475,Viet Nam
VN,2016,20.3020558,Viet Nam
VU,2000,0.281775,Vanuatu
VU,2001,0.284856,Vanuatu
VU,2002,0.349147,Vanuatu
VU,2003,0.083008,Vanuatu
VU,2004,0.263481,Vanuatu
VU,2005,0.16459,Vanuatu
VU,2006,0.053152,Vanuatu
VU,2007,0.021033,Vanuatu
VU,2008,0.103446,Vanuatu
VU,2009,0.221461,Vanuatu
VU,2010,2.982269,Vanuatu
VU,2011,1.635491839,Vanuatu
VU,2012,3.656993036,Vanuatu
VU,2013,1.61106161,Vanuatu
VU,2014,1.792185275,Vanuatu
VU,2015,85.45721623,Vanuatu
VU,2016,13.57514518,Vanuatu
WF,2000,0,Wallis & Futuna
WF,2001,0,Wallis & Futuna
WF,2002,0,Wallis & Futuna
WF,2003,0,Wallis & Futuna
WF,2004,0,Wallis & Futuna
WF,2005,0,Wallis & Futuna
WF,2006,0,Wallis & Futuna
WF,2007,0,Wallis & Futuna
WF,2008,0,Wallis & Futuna
WF,2009,0,Wallis & Futuna
WF,2010,0,Wallis & Futuna
WF,2011,0.380231,Wallis & Futuna
WF,2012,0.936969,Wallis & Futuna
WF,2013,0.810722,Wallis & Futuna
WF,2014,0.170278,Wallis & Futuna
WF,2015,0.050357,Wallis & Futuna
WF,2016,0,Wallis & Futuna
WS,2000,0,Samoa
WS,2001,0,Samoa
WS,2002,0,Samoa
WS,2003,0,Samoa
WS,2004,0.232792,Samoa
WS,2005,0.050643,Samoa
WS,2006,0.159455,Samoa
WS,2007,0.174569,Samoa
WS,2008,0.063429,Samoa
WS,2009,3.910982365,Samoa
WS,2010,14.597751,Samoa
WS,2011,0.754717693,Samoa
WS,2012,0.965999651,Samoa
WS,2013,13.43312823,Samoa
WS,2014,8.011867851,Samoa
WS,2015,3.027839406,Samoa
WS,2016,4.521314679,Samoa
XK,2000,0,Kosovo
XK,2001,0,Kosovo
XK,2002,0,Kosovo
XK,2003,0,Kosovo
XK,2004,0,Kosovo
XK,2005,0,Kosovo
XK,2006,0,Kosovo
XK,2007,0,Kosovo
XK,2008,0,Kosovo
XK,2009,12.569563,Kosovo
XK,2010,7.256103,Kosovo
XK,2011,10.223027,Kosovo
XK,2012,9.149062583,Kosovo
XK,2013,17.21031873,Kosovo
XK,2014,12.18696605,Kosovo
XK,2015,6.802589448,Kosovo
XK,2016,7.745357238,Kosovo
YE,2000,7.37128,Yemen
YE,2001,7.403973937,Yemen
YE,2002,6.783965,Yemen
YE,2003,6.505959849,Yemen
YE,2004,5.426006,Yemen
YE,2005,7.622056233,Yemen
YE,2006,5.59562344,Yemen
YE,2007,7.084161078,Yemen
YE,2008,118.104757,Yemen
YE,2009,180.7809034,Yemen
YE,2010,114.626367,Yemen
YE,2011,201.0845367,Yemen
YE,2012,288.648755,Yemen
YE,2013,412.7446714,Yemen
YE,2014,345.0067718,Yemen
YE,2015,1504.866468,Yemen
YE,2016,1555.221698,Yemen
YT,2000,0,Mayotte
YT,2001,0,Mayotte
YT,2002,0,Mayotte
YT,2003,0,Mayotte
YT,2004,0,Mayotte
YT,2005,0,Mayotte
YT,2006,0,Mayotte
YT,2007,0,Mayotte
YT,2008,0,Mayotte
YT,2009,0,Mayotte
YT,2010,0,Mayotte
YT,2011,0,Mayotte
YT,2012,0,Mayotte
YT,2013,0,Mayotte
YT,2014,0,Mayotte
YT,2015,0,Mayotte
YT,2016,0,Mayotte
ZA,2000,6.783651822,South Africa
ZA,2001,6.76307,South Africa
ZA,2002,6.47511,South Africa
ZA,2003,5.556121,South Africa
ZA,2004,3.790964,South Africa
ZA,2005,2.679664,South Africa
ZA,2006,2.046366,South Africa
ZA,2007,2.632223,South Africa
ZA,2008,7.482265525,South Africa
ZA,2009,6.975536521,South Africa
ZA,2010,5.87345109,South Africa
ZA,2011,15.81020622,South Africa
ZA,2012,14.96773229,South Africa
ZA,2013,10.88042882,South Africa
ZA,2014,11.40147692,South Africa
ZA,2015,16.7663806,South Africa
ZA,2016,16.1090132,South Africa
ZM,2000,15.79047718,Zambia
ZM,2001,26.427411,Zambia
ZM,2002,51.37106,Zambia
ZM,2003,38.58301854,Zambia
ZM,2004,20.83594354,Zambia
ZM,2005,39.52442588,Zambia
ZM,2006,21.50879929,Zambia
ZM,2007,11.299832,Zambia
ZM,2008,18.80993974,Zambia
ZM,2009,20.39929237,Zambia
ZM,2010,12.572393,Zambia
ZM,2011,10.04395378,Zambia
ZM,2012,10.57199184,Zambia
ZM,2013,7.413507313,Zambia
ZM,2014,7.283693214,Zambia
ZM,2015,5.955521132,Zambia
ZM,2016,7.938170506,Zambia
ZW,2000,4.109421953,Zimbabwe
ZW,2001,5.656364,Zimbabwe
ZW,2002,76.44123199,Zimbabwe
ZW,2003,83.07143449,Zimbabwe
ZW,2004,68.28896161,Zimbabwe
ZW,2005,83.57335514,Zimbabwe
ZW,2006,97.88457067,Zimbabwe
ZW,2007,156.9203227,Zimbabwe
ZW,2008,330.7428938,Zimbabwe
ZW,2009,375.0386255,Zimbabwe
ZW,2010,176.3621327,Zimbabwe
ZW,2011,162.6396916,Zimbabwe
ZW,2012,139.6984487,Zimbabwe
ZW,2013,113.0410389,Zimbabwe
ZW,2014,73.33974931,Zimbabwe
ZW,2015,47.04774562,Zimbabwe
ZW,2016,131.868938,Zimbabwe
